Ball,Ball Number,Bowler,Batsman,Runs,Description,match_id,is_extra,runs_for_total,total_runs,over,ball_in_over,balls_bowled,overs_bowled,current_run_rate,total_overs,target,runs_needed,overs_remaining,required_run_rate,is_wicket,wickets_fallen,wickets_in_hand,cleaned_description,predicted_ball_type
1,0.1,Jamieson,Rohit Sharma,0.0,"Away swing, low bounce, beats the outside edge. Landed around fourth on a length and finished farther, Rohit crouches and reaches out with an open-faced bat. Close call but gets away with it",1,False,0.0,0.0,0,1,1,0.1666666666666666,0.0,50,252,252.0,49.833333333333336,5.05685618729097,False,0,10,away swing low bounce beat outside edge landed around fourth length finished farther rohit crouch reach openfaced bat close call get away,Good ball
2,0.2,Jamieson,Rohit Sharma,6.0,"Pulled behind square. Old-school Rohit, standing upright, waiting for the shortish ball to reach hip-height and helping it for a flat six.",1,False,6.0,6.0,0,2,2,0.3333333333333333,18.0,50,252,246.0,49.66666666666666,4.953020134228188,False,0,10,pulled behind square oldschool rohit standing upright waiting shortish ball reach hipheight helping flat six,Good ball
3,0.3,Jamieson,Rohit Sharma,2.0,"Touch too straight, clipped off the pads. Through square leg",1,False,2.0,8.0,0,3,3,0.5,16.0,50,252,244.0,49.5,4.929292929292929,False,0,10,touch straight clipped pad square leg,Full ball
4,0.4,Jamieson,Rohit Sharma,0.0,"Length on fourth, extra bounce. Good leave",1,False,0.0,8.0,0,4,4,0.6666666666666666,12.0,50,252,244.0,49.333333333333336,4.945945945945946,False,0,10,length fourth extra bounce good leave,Good ball
5,0.5,Jamieson,Rohit Sharma,0.0,"A bit of away movement, that was late swing. Landed around fifth and kept going away. Left alone",1,False,0.0,8.0,0,5,5,0.8333333333333334,9.6,50,252,244.0,49.16666666666666,4.96271186440678,False,0,10,bit away movement late swing landed around fifth kept going away left alone,Good ball
6,0.5,Jamieson,Rohit Sharma,0.0,"Wide and full, swing away but it's outside the tramline. Let go",1,False,0.0,8.0,0,5,6,0.8333333333333334,9.6,50,252,244.0,49.16666666666666,4.96271186440678,False,0,10,wide full swing away outside tramline let go,Good ball
7,0.6,Jamieson,Rohit Sharma,0.0,"Overpitched on fourth, 135ks, swing away. Driven softly, off the middle, to cover",1,False,0.0,8.0,0,6,7,1.0,8.0,50,252,244.0,49.0,4.979591836734694,False,0,10,overpitched fourth 135ks swing away driven softly middle cover,Full ball
8,1.1,O'Rourke,Gill,0.0,"Three-quarter length on fifth, Gill happy to take a decent front stride and punch it firmly to cover",1,False,0.0,8.0,1,1,8,1.1666666666666667,6.857142857142857,50,252,244.0,48.833333333333336,4.996587030716723,False,0,10,threequarter length fifth gill happy take decent front stride punch firmly cover,Good ball
9,1.2,O'Rourke,Rohit Sharma,0.0,"Fullish on fifth, 135ks, defended towards cover",1,False,0.0,8.0,1,2,9,1.3333333333333333,6.0,50,252,244.0,48.66666666666666,5.013698630136987,False,0,10,fullish fifth 135ks defended towards cover,Good ball
10,1.2,O'Rourke,Gill,0.0,"Tickles a leg glance this time, it's edgy. Half-volleys the keeper, wide enough to his left to ensure Latham can only parry it a few feet to his side. Was a full ball around leg",1,False,0.0,8.0,1,2,10,1.3333333333333333,6.0,50,252,244.0,48.66666666666666,5.013698630136987,False,0,10,tickle leg glance time edgy halfvolleys keeper wide enough left ensure latham parry foot side full ball around leg,Full ball
11,1.2,O'Rourke,Gill,0.0,"Zips off the pitch but that's gone down leg. Fullish length ball delivered from slightly wide of the crease, landed around leg, swung after passing the batter as he tried to glance it",1,False,0.0,8.0,1,2,11,1.3333333333333333,6.0,50,252,244.0,48.66666666666666,5.013698630136987,False,0,10,zip pitch thats gone leg fullish length ball delivered slightly wide crease landed around leg swung passing batter tried glance,Good ball
12,1.3,O'Rourke,Rohit Sharma,4.0,"Flicked aerially but in the gap to the left of midwicket. 137ks, looked like the inswinger, picked off a fullish length off middle stump. Rohit playing it from the front of the body after standing still for most of the ball's path",1,False,4.0,12.0,1,3,12,1.5,8.0,50,252,240.0,48.5,4.948453608247423,False,0,10,flicked aerially gap left midwicket 137ks looked like inswinger picked fullish length middle stump rohit playing front body standing still ball path,Full ball
13,1.4,O'Rourke,Rohit Sharma,2.0,"Full on off, flicked along the ground this time. Through the gap at midwicket again, stopped in the outfield",1,False,2.0,14.0,1,4,13,1.6666666666666663,8.4,50,252,238.0,48.333333333333336,4.924137931034482,False,0,10,full flicked along ground time gap midwicket stopped outfield,Full ball
14,1.5,O'Rourke,Rohit Sharma,0.0,"Length on middle and off, 137ks, flicked to short midwicket. O'Rourke bowling to the field there. This one's come onto bat nicely",1,False,0.0,14.0,1,5,14,1.8333333333333333,7.636363636363636,50,252,238.0,48.16666666666666,4.941176470588236,False,0,10,length middle 137ks flicked short midwicket orourke bowling field one come onto bat nicely,Good ball
15,1.6,O'Rourke,Rohit Sharma,4.0,"Spanked through cover, swing of the bat finishes behind shoulder. Was a good ball actually, on a length in the channel, Rohit holding onto a solid base and nailing it through the line",1,False,4.0,18.0,1,6,15,2.0,9.0,50,252,234.0,48.0,4.875,False,0,10,spanked cover swing bat finish behind shoulder good ball actually length channel rohit holding onto solid base nailing line,Good ball
16,2.1,Jamieson,Gill,1.0,"Almost-leave steer to deep third. Gill's bat was behind him, pointing towards the slip almost. The three-quarter-length ball went off the face of the bat, in the gap. Looked like he was in control though",1,False,1.0,19.0,2,1,16,2.1666666666666665,8.76923076923077,50,252,233.0,47.833333333333336,4.871080139372822,False,0,10,almostleave steer deep third gill bat behind pointing towards slip almost threequarterlength ball went face bat gap looked like control though,Good ball
17,2.2,Jamieson,Rohit Sharma,0.0,Wide-ish length ball let go,1,False,0.0,19.0,2,2,17,2.333333333333333,8.142857142857142,50,252,233.0,47.66666666666666,4.888111888111888,False,0,10,wideish length ball let go,Good ball
18,2.3,Jamieson,Rohit Sharma,0.0,"Away movement and low bounce beats the pull. Looked like a length ball, maybe slightly back, and Rohit shaped for the pull early. He committed to fetching from outside off but the seam movement took it well away",1,False,0.0,19.0,2,3,18,2.5,7.6,50,252,233.0,47.5,4.905263157894737,False,0,10,away movement low bounce beat pull looked like length ball maybe slightly back rohit shaped pull early committed fetching outside seam movement took well away,Good ball
19,2.4,Jamieson,Rohit Sharma,0.0,"Rohit takes a chance, it's an ugly miss but the ball goes over middle. Jamieson, and Phillips, have hands on heads. Pre-meditated shot, he danced down and made room to slog it over long-on. The 130ks length ball rose off the pitch and was wider than the bat swing. Rohit was nowhere near but gets away with it.",1,False,0.0,19.0,2,4,19,2.6666666666666665,7.125,50,252,233.0,47.333333333333336,4.922535211267605,False,0,10,rohit take chance ugly miss ball go middle jamieson phillips hand head premeditated shot danced made room slog longon 130ks length ball rose pitch wider bat swing rohit nowhere near get away,Good ball
20,2.5,Jamieson,Rohit Sharma,2.0,"Fullish on leg, clipped to the left of deep fine leg. 138ks",1,False,2.0,21.0,2,5,20,2.833333333333333,7.411764705882352,50,252,231.0,47.16666666666666,4.897526501766785,False,0,10,fullish leg clipped left deep fine leg 138ks,Full ball
21,2.6,Jamieson,Rohit Sharma,0.0,"Length at the stumps, worked back to the bowler",1,False,0.0,21.0,2,6,21,3.0,7.0,50,252,231.0,47.0,4.914893617021277,False,0,10,length stump worked back bowler,Good ball
22,3.1,O'Rourke,Gill,0.0,"Length on off, clipped to short midwicket off the back foot",1,False,0.0,21.0,3,1,22,3.1666666666666665,6.631578947368421,50,252,231.0,46.833333333333336,4.93238434163701,False,0,10,length clipped short midwicket back foot,Good ball
23,3.2,O'Rourke,Gill,2.0,Soft hands guide the ball behind point. Off a thickish outside edge but Gill ensured he played it close to the body. Was a length ball in the channel,1,False,2.0,23.0,3,2,23,3.333333333333333,6.9,50,252,229.0,46.66666666666666,4.9071428571428575,False,0,10,soft hand guide ball behind point thickish outside edge gill ensured played close body length ball channel,Good ball
24,3.3,O'Rourke,Gill,0.0,"Length on middle and off, 137ks, Gill slides across a touch and closes the flick to midwicket. Played without much weight transfer",1,False,0.0,23.0,3,3,24,3.5,6.571428571428571,50,252,229.0,46.5,4.924731182795699,False,0,10,length middle 137ks gill slide across touch close flick midwicket played without much weight transfer,Good ball
25,3.3,O'Rourke,Gill,0.0,Down leg. Four wides so far this innings. This was fullish and got decent bounce,1,False,0.0,23.0,3,3,25,3.5,6.571428571428571,50,252,229.0,46.5,4.924731182795699,False,0,10,leg four wides far inning fullish got decent bounce,Good ball
26,3.4,O'Rourke,Gill,2.0,"Gill's arms swivel in a flash as he dances down and pulls to the left of deep fine leg. Ravindra charges and tumbles to stop it. Great shot though, 143ks shortish ball, yet Gill forced it with muscle",1,False,2.0,25.0,3,4,26,3.6666666666666665,6.818181818181818,50,252,227.0,46.333333333333336,4.899280575539568,False,0,10,gill arm swivel flash dance pull left deep fine leg ravindra charge tumble stop great shot though 143ks shortish ball yet gill forced muscle,Good ball
27,3.5,O'Rourke,Gill,0.0,"Length in the channel, vertical-bat punch is firm and goes to cover",1,False,0.0,25.0,3,5,27,3.8333333333333335,6.521739130434782,50,252,227.0,46.16666666666666,4.916967509025271,False,0,10,length channel verticalbat punch firm go cover,Good ball
28,3.6,O'Rourke,Gill,0.0,"Lbw appeal but that appeared to be going down leg. Fullish length ball at 137ks landed around off, might've swung in late. Gill's head fell over as he tried to hit it through midwicket",1,False,0.0,25.0,3,6,28,4.0,6.25,50,252,227.0,46.0,4.934782608695652,False,0,10,lbw appeal appeared going leg fullish length ball 137ks landed around mightve swung late gill head fell tried hit midwicket,Good ball
29,4.1,Jamieson,Rohit Sharma,0.0,"Seam-up. Length on middle, defensive flick takes it towards square leg",1,False,0.0,25.0,4,1,29,4.166666666666667,6.0,50,252,227.0,45.833333333333336,4.952727272727272,False,0,10,seamup length middle defensive flick take towards square leg,Good ball
30,4.2,Jamieson,Rohit Sharma,0.0,"Punches the full ball on fourth, 135ks, to mid-off.",1,False,0.0,25.0,4,2,30,4.333333333333333,5.76923076923077,50,252,227.0,45.66666666666666,4.97080291970803,False,0,10,punch full ball fourth 135ks midoff,Good ball
31,4.3,Jamieson,Rohit Sharma,0.0,"Beaten on the aerial flick, Rohit wanted to go square, maybe even behind. There is deep square leg, 68 metres away. He saw the fullish ball angle in, lifted the back leg and tried to elevate it. Missed it completely",1,False,0.0,25.0,4,3,31,4.5,5.555555555555555,50,252,227.0,45.5,4.989010989010989,False,0,10,beaten aerial flick rohit wanted go square maybe even behind deep square leg 68 metre away saw fullish ball angle lifted back leg tried elevate missed completely,Full ball
32,4.4,Jamieson,Rohit Sharma,1.0,Flicks the length ball off the pad through square leg,1,False,1.0,26.0,4,4,32,4.666666666666667,5.571428571428571,50,252,226.0,45.333333333333336,4.985294117647059,False,0,10,flick length ball pad square leg,Full ball
33,4.5,Jamieson,Gill,0.0,"Fullish on fifth, 130ks, might've swung back in a touch. Let go",1,False,0.0,26.0,4,5,33,4.833333333333333,5.379310344827586,50,252,226.0,45.16666666666666,5.00369003690037,False,0,10,fullish fifth 130ks mightve swung back touch let go,Good ball
34,4.6,Jamieson,Gill,0.0,"Bad ball, gets away with it. Very wide on a length, 129ks, sat up perfectly for the cut that Gill nailed. Found cover point",1,False,0.0,26.0,4,6,34,5.0,5.2,50,252,226.0,45.0,5.022222222222222,False,0,10,bad ball get away wide length 129ks sat perfectly cut gill nailed found cover point,Good ball
35,5.1,Smith,Rohit Sharma,0.0,"Fullish on fifth, defended to point",1,False,0.0,26.0,5,1,35,5.166666666666667,5.032258064516129,50,252,226.0,44.833333333333336,5.04089219330855,False,0,10,fullish fifth defended point,Good ball
36,5.2,Smith,Rohit Sharma,0.0,"Length at the stumps, worked back to the bowler",1,False,0.0,26.0,5,2,36,5.333333333333333,4.875,50,252,226.0,44.66666666666666,5.059701492537314,False,0,10,length stump worked back bowler,Good ball
37,5.3,Smith,Rohit Sharma,6.0,"Rohit breaks free this time, that's a massive six over cow corner. Crowd love it. Pre-meditated. He danced down to a 137ks length ball, had a baseball swing across the hip. All horizontal, the ball sailed 92 metres far.",1,False,6.0,32.0,5,3,37,5.5,5.818181818181818,50,252,220.0,44.5,4.943820224719101,False,0,10,rohit break free time thats massive six cow corner crowd love premeditated danced 137ks length ball baseball swing across hip horizontal ball sailed 92 metre far,Good ball
38,5.4,Smith,Rohit Sharma,0.0,"Smith follows him as he makes room this time. 136ks on a length, Rohit has to check his shot, jabs it into the off side of the pitch",1,False,0.0,32.0,5,4,38,5.666666666666667,5.647058823529411,50,252,220.0,44.333333333333336,4.962406015037594,False,0,10,smith follows make room time 136ks length rohit check shot jab side pitch,Good ball
39,5.5,Smith,Rohit Sharma,1.0,"Length over top of middle, clipped through square leg",1,False,1.0,33.0,5,5,39,5.833333333333333,5.6571428571428575,50,252,219.0,44.16666666666666,4.958490566037736,False,0,10,length top middle clipped square leg,Full ball
40,5.6,Smith,Gill,1.0,"Length on off, 132ks, clipped to deep square leg, who moves to his diagonal right to stop it",1,False,1.0,34.0,5,6,40,6.0,5.666666666666667,50,252,218.0,44.0,4.954545454545454,False,0,10,length 132ks clipped deep square leg move diagonal right stop,Full ball
41,6.1,Jamieson,Gill,0.0,"Length on leg, defended to the bowler's right",1,False,0.0,34.0,6,1,41,6.166666666666667,5.513513513513513,50,252,218.0,43.833333333333336,4.97338403041825,False,0,10,length leg defended bowler right,Good ball
42,6.2,Jamieson,Gill,1.0,"Mitchell puts down a one-hander at midwicket. India missed a few half-chances, NZ have lost one. He leapt to his right, tried to take it just over head-height, his dive was stunted by the fact that he was too near to the ball. The hands extended, his left leg was up but the right leg and hand were flailing to the right, and the ball burst through. Graphic shows he was 24 metres far. Gill came down the track and tried to whip it. Off the bottom of the bat it came",1,False,1.0,35.0,6,2,42,6.333333333333333,5.526315789473684,50,252,217.0,43.66666666666666,4.969465648854962,False,0,10,mitchell put onehander midwicket india missed halfchances nz lost one leapt right tried take headheight dive stunted fact near ball hand extended left leg right leg hand flailing right ball burst graphic show 24 metre far gill came track tried whip bottom bat came,Full ball
43,6.3,Jamieson,Rohit Sharma,0.0,"Length on off, defended to cover",1,False,0.0,35.0,6,3,43,6.5,5.384615384615385,50,252,217.0,43.5,4.988505747126437,False,0,10,length defended cover,Good ball
44,6.4,Jamieson,Rohit Sharma,4.0,"Rohit pulls it over midwicket. One-bounce four. Length ball, top-of-stump height at best. Rohit lifted it with a bat swing going from low to high. Got it flat too",1,False,4.0,39.0,6,4,44,6.666666666666667,5.85,50,252,213.0,43.333333333333336,4.915384615384615,False,0,10,rohit pull midwicket onebounce four length ball topofstump height best rohit lifted bat swing going low high got flat,Good ball
45,6.5,Jamieson,Rohit Sharma,0.0,"Beaten on the flashing square drive. Back of a length, in the channel, might've bounced more than Rohit expected",1,False,0.0,39.0,6,5,45,6.833333333333333,5.707317073170732,50,252,213.0,43.16666666666666,4.934362934362935,False,0,10,beaten flashing square drive back length channel mightve bounced rohit expected,Good ball
46,6.6,Jamieson,Rohit Sharma,1.0,"Length in the channel, open-faced slice takes it to the left of Phillips at backward point. He swoops and slides it keep it to one",1,False,1.0,40.0,6,6,46,7.0,5.714285714285714,50,252,212.0,43.0,4.930232558139535,False,0,10,length channel openfaced slice take left phillips backward point swoop slide keep one,Good ball
47,7.1,Smith,Rohit Sharma,0.0,"Pitched up, punchy drive takes it to mid-on",1,False,0.0,40.0,7,1,47,7.166666666666667,5.5813953488372094,50,252,212.0,42.833333333333336,4.949416342412451,False,0,10,pitched punchy drive take midon,Good ball
48,7.2,Smith,Rohit Sharma,6.0,"And it reaches crescendo as the ball clears the straight boundary. Fifty up for India. He stood slightly leg side of the ball, the front foot strode out late, the bat whooshed through the line. The straight drive got a lot of height on it, felt for a second like it was too high, but no, it sailed 83 metres far. Peak height was 25 metres",1,False,6.0,46.0,7,2,48,7.333333333333333,6.272727272727273,50,252,206.0,42.66666666666666,4.828125,False,0,10,reach crescendo ball clear straight boundary fifty india stood slightly leg side ball front foot strode late bat whooshed line straight drive got lot height felt second like high sailed 83 metre far peak height 25 metre,Good ball
49,7.3,Smith,Rohit Sharma,0.0,"On the pads, looks to flick it. Off the pads it goes into grass",1,False,0.0,46.0,7,3,49,7.5,6.133333333333334,50,252,206.0,42.5,4.847058823529411,False,0,10,pad look flick pad go grass,Full ball
50,7.4,Smith,Rohit Sharma,4.0,"Brilliant lap sweep lifted over short fine leg! Rohit's back foot was in front of middle, front foot outside off, the torso went across, the head was in line with the ball, Rohit drove the bat through and got it off the middle",1,False,4.0,50.0,7,4,50,7.666666666666667,6.521739130434782,50,252,202.0,42.333333333333336,4.771653543307086,False,0,10,brilliant lap sweep lifted short fine leg rohits back foot front middle front foot outside torso went across head line ball rohit drove bat got middle,Good ball
51,7.5,Smith,Rohit Sharma,0.0,Driven off a length while standing upright. Takes the length ball in the channel to cover,1,False,0.0,50.0,7,5,51,7.833333333333333,6.382978723404255,50,252,202.0,42.16666666666666,4.790513833992095,False,0,10,driven length standing upright take length ball channel cover,Good ball
52,7.6,Smith,Rohit Sharma,4.0,"Slapped over point, NZ's pacers getting carted. This was wide, not too short but that didn't matter. Rohit stood in the crease and belted it after the ball came in line with him",1,False,4.0,54.0,7,6,52,8.0,6.75,50,252,198.0,42.0,4.714285714285714,False,0,10,slapped point nzs pacer getting carted wide short didnt matter rohit stood crease belted ball came line,Good ball
53,8.1,Santner,Gill,0.0,"Length on fourth, square driven late. Finds point. Santner gave it air, got good bounce. No spin though",1,False,0.0,54.0,8,1,53,8.166666666666666,6.612244897959184,50,252,198.0,41.833333333333336,4.733067729083665,False,0,10,length fourth square driven late find point santner gave air got good bounce spin though,Good ball
54,8.2,Santner,Gill,0.0,"Length on fourth, jabbed with a horizontal bat to cover",1,False,0.0,54.0,8,2,54,8.333333333333334,6.48,50,252,198.0,41.66666666666666,4.752000000000001,False,0,10,length fourth jabbed horizontal bat cover,Good ball
55,8.3,Santner,Gill,0.0,"Good ball. On a length, off-stump line, 91ks. Gill looks to defend to the bowler's left, thick outside edge takes it towards point",1,False,0.0,54.0,8,3,55,8.5,6.352941176470588,50,252,198.0,41.5,4.771084337349397,False,0,10,good ball length offstump line 91ks gill look defend bowler left thick outside edge take towards point,Good ball
56,8.4,Santner,Gill,1.0,"Length on leg, clipped to midwicket",1,False,1.0,55.0,8,4,56,8.666666666666666,6.346153846153847,50,252,197.0,41.333333333333336,4.766129032258064,False,0,10,length leg clipped midwicket,Full ball
57,8.5,Santner,Rohit Sharma,0.0,"Full on off, defended to cover",1,False,0.0,55.0,8,5,57,8.833333333333334,6.226415094339623,50,252,197.0,41.16666666666666,4.785425101214575,False,0,10,full defended cover,Good ball
58,8.6,Santner,Rohit Sharma,0.0,"Fullish on middle, defended back to the bowler. 92ks. Think Rohit could've danced down the pitch and pumped it over the bowler's head, but he's not taking chances against Santner",1,False,0.0,55.0,8,6,58,9.0,6.111111111111111,50,252,197.0,41.0,4.804878048780488,False,0,10,fullish middle defended back bowler 92ks think rohit couldve danced pitch pumped bowler head he taking chance santner,Good ball
59,9.1,Ravindra,Gill,0.0,"A bit of turn away. 85ks, fullish length, landed around fourth and Gill drove it to cover. Ball hovered low and went to him on the bounce",1,False,0.0,55.0,9,1,59,9.166666666666666,6.0,50,252,197.0,40.833333333333336,4.824489795918368,False,0,10,bit turn away 85ks fullish length landed around fourth gill drove cover ball hovered low went bounce,Good ball
60,9.2,Ravindra,Gill,1.0,"Quick single to midwiclet. Length on middle and leg, flicked off the back foot. 94ks",1,False,1.0,56.0,9,2,60,9.333333333333334,6.0,50,252,196.0,40.66666666666666,4.819672131147541,False,0,10,quick single midwiclet length middle leg flicked back foot 94ks,Good ball
61,9.3,Ravindra,Rohit Sharma,0.0,"Full on leg, 93ks, pushed back to the bowler",1,False,0.0,56.0,9,3,61,9.5,5.894736842105263,50,252,196.0,40.5,4.839506172839506,False,0,10,full leg 93ks pushed back bowler,Full ball
62,9.4,Ravindra,Rohit Sharma,1.0,"Full at the stumps, loopy, driven to long-off",1,False,1.0,57.0,9,4,62,9.666666666666666,5.896551724137932,50,252,195.0,40.333333333333336,4.8347107438016526,False,0,10,full stump loopy driven longoff,Full ball
63,9.5,Ravindra,Gill,1.0,"Champan saves three at point. He was on the edge of the ring, moved to the left and dove to catch the ball after the passed him. Was a shortish ball outside off that was cut",1,False,1.0,58.0,9,5,63,9.833333333333334,5.898305084745762,50,252,194.0,40.16666666666666,4.8298755186722,False,0,10,champan save three point edge ring moved left dove catch ball passed shortish ball outside cut,Good ball
64,9.6,Ravindra,Rohit Sharma,1.0,"Length on fourth, punched to long-off",1,False,1.0,59.0,9,6,64,10.0,5.9,50,252,193.0,40.0,4.825,False,0,10,length fourth punched longoff,Good ball
65,10.1,Santner,Rohit Sharma,1.0,That is a top half-century for Rohit. A captain's knock just when it was needed the most.Gets there off just 41 balls and it's made India's chase very easy. He reaches there by driving Santner to deep cover,1,False,1.0,60.0,10,1,65,10.166666666666666,5.901639344262295,50,252,192.0,39.833333333333336,4.820083682008368,False,0,10,top halfcentury rohit captain knock needed mostgets 41 ball made india chase easy reach driving santner deep cover,Good ball
66,10.2,Santner,Gill,0.0,"Angled in fuller on off, he punches to the left of Santner who does well to his left",1,False,0.0,60.0,10,2,66,10.333333333333334,5.806451612903225,50,252,192.0,39.66666666666666,4.840336134453782,False,0,10,angled fuller punch left santner well left,Full ball
67,10.3,Santner,Gill,0.0,Angles this slower on off stump as he strides forward and defends,1,False,0.0,60.0,10,3,67,10.5,5.714285714285714,50,252,192.0,39.5,4.860759493670886,False,0,10,angle slower stump stride forward defends,Good ball
68,10.4,Santner,Gill,0.0,"Pushed quicker at 90.1kph on off, he defends back towards the bowler",1,False,0.0,60.0,10,4,68,10.666666666666666,5.625,50,252,192.0,39.333333333333336,4.881355932203389,False,0,10,pushed quicker 901kph defends back towards bowler,Good ball
69,10.5,Santner,Gill,0.0,"Flatter at 87kph around off, he pushes to cover",1,False,0.0,60.0,10,5,69,10.833333333333334,5.538461538461538,50,252,192.0,39.16666666666666,4.902127659574468,False,0,10,flatter 87kph around push cover,Good ball
70,10.6,Santner,Gill,0.0,Big turn for Santner.Hangs the length ball on off and gets it to turn away late past Gill's outside edge,1,False,0.0,60.0,10,6,70,11.0,5.454545454545454,50,252,192.0,39.0,4.923076923076923,False,0,10,big turn santnerhangs length ball get turn away late past gill outside edge,Good ball
71,11.1,Ravindra,Rohit Sharma,1.0,"Flatter and stifle short on middle stump, he pushes to long-on for a run",1,False,1.0,61.0,11,1,71,11.166666666666666,5.462686567164179,50,252,191.0,38.833333333333336,4.918454935622317,False,0,10,flatter stifle short middle stump push longon run,Good ball
72,11.2,Ravindra,Gill,0.0,"Floated outside off, he slices towards point",1,False,0.0,61.0,11,2,72,11.333333333333334,5.38235294117647,50,252,191.0,38.66666666666666,4.939655172413794,False,0,10,floated outside slice towards point,Good ball
73,11.3,Ravindra,Gill,1.0,"Short and wide, he cuts this to deep point",1,False,1.0,62.0,11,3,73,11.5,5.391304347826087,50,252,190.0,38.5,4.935064935064935,False,0,10,short wide cut deep point,Good ball
74,11.4,Ravindra,Rohit Sharma,0.0,Arm ball that slides back into Rohit who just gets his bat down in time and defends towards cover,1,False,0.0,62.0,11,4,74,11.666666666666666,5.314285714285715,50,252,190.0,38.333333333333336,4.956521739130435,False,0,10,arm ball slide back rohit get bat time defends towards cover,Good ball
75,11.5,Ravindra,Rohit Sharma,4.0,"Edged, but he gets four.Tossed up outside off, turning away from Rohit, who drives on the up, gets a thick outside edge and with no slip there, it was always flying away",1,False,4.0,66.0,11,5,75,11.833333333333334,5.577464788732394,50,252,186.0,38.16666666666666,4.873362445414847,False,0,10,edged get fourtossed outside turning away rohit drive get thick outside edge slip always flying away,Good ball
76,11.6,Ravindra,Rohit Sharma,0.0,Was there an edge? Don't think so.Short and wide at 98kph outside off. He shapes up for the cut and gets beaten,1,False,0.0,66.0,11,6,76,12.0,5.5,50,252,186.0,38.0,4.894736842105263,False,0,10,edge dont think soshort wide 98kph outside shape cut get beaten,Good ball
77,12.1,Santner,Gill,2.0,Drops his length and gets punished. Was outside off as Gill hops back and pulls to the left of deep midwicket,1,False,2.0,68.0,12,1,77,12.166666666666666,5.589041095890411,50,252,184.0,37.833333333333336,4.863436123348017,False,0,10,drop length get punished outside gill hop back pull left deep midwicket,Good ball
78,12.2,Santner,Gill,1.0,"Shortens his length outside off, he stays back and pushes past point for a run",1,False,1.0,69.0,12,2,78,12.333333333333334,5.594594594594595,50,252,183.0,37.66666666666666,4.858407079646018,False,0,10,shortens length outside stay back push past point run,Good ball
79,12.3,Santner,Rohit Sharma,1.0,"Angles the length ball on leg stump, he works this behind square for a run",1,False,1.0,70.0,12,3,79,12.5,5.6,50,252,182.0,37.5,4.8533333333333335,False,0,10,angle length ball leg stump work behind square run,Good ball
80,12.4,Santner,Gill,0.0,"Flatter on leg stump, he works this to midwicket",1,False,0.0,70.0,12,4,80,12.666666666666666,5.526315789473684,50,252,182.0,37.333333333333336,4.875,False,0,10,flatter leg stump work midwicket,Full ball
81,12.5,Santner,Gill,1.0,"Tossed up on off stump, Gill drives handsomely past extra cover for a run",1,False,1.0,71.0,12,5,81,12.833333333333334,5.532467532467532,50,252,181.0,37.16666666666666,4.869955156950673,False,0,10,tossed stump gill drive handsomely past extra cover run,Good ball
82,12.6,Santner,Rohit Sharma,0.0,"Angles the length ball on middle, Rohit gets forward and defends",1,False,0.0,71.0,12,6,82,13.0,5.461538461538462,50,252,181.0,37.0,4.891891891891892,False,0,10,angle length ball middle rohit get forward defends,Good ball
83,13.1,Ravindra,Gill,1.0,Tossed up fuller on off at 87kph. Gill drives to long-off for a run,1,False,1.0,72.0,13,1,83,13.166666666666666,5.468354430379747,50,252,180.0,36.833333333333336,4.886877828054298,False,0,10,tossed fuller 87kph gill drive longoff run,Good ball
84,13.2,Ravindra,Rohit Sharma,2.0,Gives him a bit of width as he stays back and slashes this past point for a couple of runs,1,False,2.0,74.0,13,2,84,13.333333333333334,5.55,50,252,178.0,36.66666666666666,4.854545454545455,False,0,10,give bit width stay back slash past point couple run,Good ball
85,13.3,Ravindra,Rohit Sharma,0.0,"Floated outside off stump, Rohit stays leg side of the ball and pushes to Rachin",1,False,0.0,74.0,13,3,85,13.5,5.481481481481482,50,252,178.0,36.5,4.876712328767123,False,0,10,floated outside stump rohit stay leg side ball push rachin,Good ball
86,13.4,Ravindra,Rohit Sharma,0.0,"Angled in flatter on middle and leg, he defends to the on-side",1,False,0.0,74.0,13,4,86,13.666666666666666,5.414634146341464,50,252,178.0,36.333333333333336,4.899082568807339,False,0,10,angled flatter middle leg defends onside,Full ball
87,13.5,Ravindra,Rohit Sharma,1.0,"Stifle short on middle and leg, he stays back and punches to long-on for a run",1,False,1.0,75.0,13,5,87,13.833333333333334,5.421686746987952,50,252,177.0,36.16666666666666,4.894009216589862,False,0,10,stifle short middle leg stay back punch longon run,Full ball
88,13.6,Ravindra,Gill,6.0,"UP AND OVER!Charges down the track, gets under the ball and launches Ravindra over long-on. There was a fielder in place but Gill did not care. Made that look so easy there, did Gill",1,False,6.0,81.0,13,6,88,14.0,5.785714285714286,50,252,171.0,36.0,4.75,False,0,10,overcharge track get ball launch ravindra longon fielder place gill care made look easy gill,Good ball
89,14.1,Santner,Rohit Sharma,0.0,"Fuller on middle stump, he digs this to extra cover",1,False,0.0,81.0,14,1,89,14.166666666666666,5.7176470588235295,50,252,171.0,35.833333333333336,4.772093023255814,False,0,10,fuller middle stump dig extra cover,Good ball
90,14.2,Santner,Rohit Sharma,4.0,Marginally short but Rohit is so quick in picking lengths. Hops back in an instant and pulls in the gap between deep midwicket and long-on,1,False,4.0,85.0,14,2,90,14.333333333333334,5.930232558139535,50,252,167.0,35.666666666666664,4.682242990654206,False,0,10,marginally short rohit quick picking length hop back instant pull gap deep midwicket longon,Good ball
91,14.3,Santner,Rohit Sharma,1.0,Hangs this at 78kph on off as he slashes this past point for a run,1,False,1.0,86.0,14,3,91,14.5,5.931034482758621,50,252,166.0,35.5,4.676056338028169,False,0,10,hang 78kph slash past point run,Good ball
92,14.4,Santner,Gill,1.0,"Tossed up on off, he drives to long-off with ease",1,False,1.0,87.0,14,4,92,14.666666666666666,5.931818181818182,50,252,165.0,35.333333333333336,4.669811320754716,False,0,10,tossed drive longoff ease,Good ball
93,14.5,Santner,Rohit Sharma,1.0,"Flatter at 92kph outside off, he prods forward and drives to deep cover",1,False,1.0,88.0,14,5,93,14.833333333333334,5.932584269662921,50,252,164.0,35.166666666666664,4.66350710900474,False,0,10,flatter 92kph outside prod forward drive deep cover,Good ball
94,14.6,Santner,Gill,0.0,"Angled in on a length on leg stump, he works this to midwicket.",1,False,0.0,88.0,14,6,94,15.0,5.866666666666666,50,252,164.0,35.0,4.685714285714286,False,0,10,angled length leg stump work midwicket,Good ball
95,15.1,Ravindra,Rohit Sharma,1.0,"Floated just around off stump, he flicks this aerially but wide of short midwicket for a run down to long-on",1,False,1.0,89.0,15,1,95,15.166666666666666,5.868131868131869,50,252,163.0,34.833333333333336,4.679425837320574,False,0,10,floated around stump flick aerially wide short midwicket run longon,Full ball
96,15.2,Ravindra,Gill,0.0,"Pushed quicker on off stump, he defends back to the bowler",1,False,0.0,89.0,15,2,96,15.333333333333334,5.804347826086956,50,252,163.0,34.666666666666664,4.7019230769230775,False,0,10,pushed quicker stump defends back bowler,Good ball
97,15.3,Ravindra,Gill,0.0,"Angles the length ball on middle and leg, he clips this to short midwicket",1,False,0.0,89.0,15,3,97,15.5,5.741935483870968,50,252,163.0,34.5,4.72463768115942,False,0,10,angle length ball middle leg clip short midwicket,Good ball
98,15.4,Ravindra,Gill,1.0,"Dragged down outside off stump, he shovels this to deep square leg",1,False,1.0,90.0,15,4,98,15.666666666666666,5.74468085106383,50,252,162.0,34.333333333333336,4.718446601941747,False,0,10,dragged outside stump shovel deep square leg,Full ball
99,15.5,Ravindra,Rohit Sharma,1.0,"Shortish in length again on leg stump, he hops back and pulls to deep square leg's left for a run",1,False,1.0,91.0,15,5,99,15.833333333333334,5.747368421052632,50,252,161.0,34.166666666666664,4.71219512195122,False,0,10,shortish length leg stump hop back pull deep square leg left run,Full ball
100,15.6,Ravindra,Gill,1.0,"Fuller on middle stump, he drives firmly to wide long-off",1,False,1.0,92.0,15,6,100,16.0,5.75,50,252,160.0,34.0,4.705882352941177,False,0,10,fuller middle stump drive firmly wide longoff,Good ball
101,16.1,Santner,Gill,0.0,Hint of turn away from Gill outside off. He pushes to cover with an angled bat,1,False,0.0,92.0,16,1,101,16.166666666666668,5.690721649484535,50,252,160.0,33.83333333333333,4.729064039408867,False,0,10,hint turn away gill outside push cover angled bat,Good ball
102,16.2,Santner,Gill,1.0,"On the bounce to long-off. Was angled in on the stumps, he chips this to the fielder. Think he was in control, there",1,False,1.0,93.0,16,2,102,16.333333333333332,5.6938775510204085,50,252,159.0,33.66666666666667,4.7227722772277225,False,0,10,bounce longoff angled stump chip fielder think control,Good ball
103,16.3,Santner,Rohit Sharma,0.0,"Angles the length ball around off stump, Rohit gets forward and defends",1,False,0.0,93.0,16,3,103,16.5,5.636363636363637,50,252,159.0,33.5,4.746268656716418,False,0,10,angle length ball around stump rohit get forward defends,Good ball
104,16.4,Santner,Rohit Sharma,0.0,Arm ball at 91.6kph on off. Rohit brings his bat down in time and pushes back towards the bowler,1,False,0.0,93.0,16,4,104,16.666666666666668,5.579999999999999,50,252,159.0,33.33333333333333,4.7700000000000005,False,0,10,arm ball 916kph rohit brings bat time push back towards bowler,Good ball
105,16.5,Santner,Rohit Sharma,1.0,Floated on leg stump rather just outside as Rohit gets outside the line and eases to long-on,1,False,1.0,94.0,16,5,105,16.833333333333332,5.584158415841585,50,252,158.0,33.16666666666667,4.763819095477387,False,0,10,floated leg stump rather outside rohit get outside line eas longon,Good ball
106,16.6,Santner,Gill,1.0,"Darts the length ball on the stumps, he gets across and punches back to the bowler, who misfields and concedes a run.The 100 is up as well for India in 17 overs.",1,False,1.0,95.0,16,6,106,17.0,5.588235294117647,50,252,157.0,33.0,4.757575757575758,False,0,10,dart length ball stump get across punch back bowler misfields concedes runthe 100 well india 17 over,Good ball
107,17.1,Ravindra,Gill,0.0,"Flatter length ball just outside off, he chops this down to point",1,False,0.0,95.0,17,1,107,17.166666666666668,5.533980582524271,50,252,157.0,32.83333333333333,4.781725888324874,False,0,10,flatter length ball outside chop point,Good ball
108,17.2,Ravindra,Gill,1.0,"Fired in on middle and leg, he works this behind square for a run",1,False,1.0,96.0,17,2,108,17.333333333333332,5.538461538461539,50,252,156.0,32.66666666666667,4.775510204081632,False,0,10,fired middle leg work behind square run,Full ball
109,17.3,Ravindra,Rohit Sharma,1.0,Gently floated on off stump at 85.5kph as Rohit pushes to long-off for a run,1,False,1.0,97.0,17,3,109,17.5,5.542857142857143,50,252,155.0,32.5,4.769230769230769,False,0,10,gently floated stump 855kph rohit push longoff run,Good ball
110,17.4,Ravindra,Gill,0.0,"Much quicker at 92kph on off stump, he bunts this to the left of Rachin who makes a sprawling dive and intercepts",1,False,0.0,97.0,17,4,110,17.666666666666668,5.4905660377358485,50,252,155.0,32.33333333333333,4.793814432989692,False,0,10,much quicker 92kph stump bunt left rachin make sprawling dive intercept,Full ball
111,17.5,Ravindra,Gill,1.0,"Floated outside off, he charges down and slams this down the ground. O'Rourke hares across to his left and saves three",1,False,1.0,98.0,17,5,111,17.833333333333332,5.4953271028037385,50,252,154.0,32.16666666666667,4.7875647668393775,False,0,10,floated outside charge slam ground orourke hare across left save three,Good ball
112,17.6,Ravindra,Rohit Sharma,0.0,"Tossed up outside off, he opens the face of the bat a touch and guides to point. That will be drinks with India cruising.",1,False,0.0,98.0,17,6,112,18.0,5.444444444444445,50,252,154.0,32.0,4.8125,False,0,10,tossed outside open face bat touch guide point drink india cruising,Good ball
113,18.1,Santner,Gill,2.0,"Stifle short on off stump, he stays back and pulls to the right of deep backward square leg for a couple of runs",1,False,2.0,100.0,18,1,113,18.166666666666668,5.504587155963303,50,252,152.0,31.83333333333333,4.774869109947645,False,0,10,stifle short stump stay back pull right deep backward square leg couple run,Full ball
114,18.2,Santner,Gill,0.0,"Hint of turn on middle, he prods half-forward and blocks",1,False,0.0,100.0,18,2,114,18.33333333333333,5.454545454545455,50,252,152.0,31.666666666666668,4.8,False,0,10,hint turn middle prod halfforward block,Good ball
115,18.3,Santner,Gill,0.0,"Tossed up on off, he drives firmly to GP at extra cover",1,False,0.0,100.0,18,3,115,18.5,5.405405405405405,50,252,152.0,31.5,4.825396825396825,False,0,10,tossed drive firmly gp extra cover,Good ball
116,18.4,Santner,Gill,-1.0,"Has anyone seen Superman and Phillips in the same room? I doubt it.He has just caught another blinder. And this one really is an absolute blinder. Floated outside off, he looks to go up and over GP at short extra cover. That was a boundary if anyone else was there. Not when GP is there. He leaps, flicks out his right hand and hangs on to a stunner. Flashes a big smile right after.",1,False,-1.0,99.0,18,4,116,18.666666666666668,5.303571428571428,50,252,153.0,31.33333333333333,4.882978723404255,True,1,9,anyone seen superman phillips room doubt ithe caught another blinder one really absolute blinder floated outside look go gp short extra cover boundary anyone else gp leap flick right hand hang stunner flash big smile right,Good ball
117,18.5,Santner,Kohli,1.0,"Tossed up on middle and leg, he works this past square leg to get off the mark",1,False,1.0,100.0,18,5,117,18.83333333333333,5.3097345132743365,50,252,152.0,31.166666666666668,4.877005347593583,False,1,9,tossed middle leg work past square leg get mark,Full ball
118,18.6,Santner,Rohit Sharma,0.0,"Tossed up outside off, he shoulders arms",1,False,0.0,100.0,18,6,118,19.0,5.2631578947368425,50,252,152.0,31.0,4.903225806451613,False,1,9,tossed outside shoulder arm,Good ball
119,19.1,Michael Bracewell,Kohli,-1.0,"He's rapped on the pad first ball and the umpire is given it out.Oh, wow, that's a big decision. Will Kohli review?He has to, almost and he does.Tossed up outside off turning back into Kohli who misses the flick and is caught in front. That looks plumb on first viewing. What does the tracker say?Struck in line - yes. Going onto hit the stumps - Oh, yes!Bracewell is pumped up and NZ suddenly have an opening",1,False,-1.0,99.0,19,1,119,19.166666666666668,5.165217391304347,50,252,153.0,30.83333333333333,4.962162162162162,True,2,8,he rapped pad first ball umpire given outoh wow thats big decision kohli reviewhe almost doestossed outside turning back kohli miss flick caught front look plumb first viewing tracker saystruck line yes going onto hit stump oh yesbracewell pumped nz suddenly opening,Good ball
120,19.2,Michael Bracewell,Shreyas Iyer,0.0,"Slower good length ball on off, he works this to short midwicket",1,False,0.0,99.0,19,2,120,19.33333333333333,5.120689655172414,50,252,153.0,30.666666666666668,4.989130434782608,False,2,8,slower good length ball work short midwicket,Good ball
121,19.3,Michael Bracewell,Shreyas Iyer,1.0,"On a length outside off, he eases to long-on",1,False,1.0,100.0,19,3,121,19.5,5.128205128205129,50,252,152.0,30.5,4.983606557377049,False,2,8,length outside eas longon,Good ball
122,19.4,Michael Bracewell,Rohit Sharma,0.0,"Tossed up on off, worked to square leg",1,False,0.0,100.0,19,4,122,19.666666666666668,5.084745762711864,50,252,152.0,30.33333333333333,5.010989010989011,False,2,8,tossed worked square leg,Full ball
123,19.5,Michael Bracewell,Rohit Sharma,1.0,"Floated just outside off, he eases to long-on",1,False,1.0,101.0,19,5,123,19.83333333333333,5.0924369747899165,50,252,151.0,30.166666666666668,5.0055248618784525,False,2,8,floated outside eas longon,Good ball
124,19.6,Michael Bracewell,Shreyas Iyer,0.0,"Tossed up length ball turning into middle and leg, he ticks this to square leg",1,False,0.0,101.0,19,6,124,20.0,5.05,50,252,151.0,30.0,5.033333333333333,False,2,8,tossed length ball turning middle leg tick square leg,Full ball
125,20.1,Santner,Rohit Sharma,0.0,"Length on fourth, punched while on the back foot to cover",1,False,0.0,101.0,20,1,125,20.166666666666668,5.008264462809917,50,252,151.0,29.83333333333333,5.061452513966481,False,2,8,length fourth punched back foot cover,Good ball
126,20.2,Santner,Rohit Sharma,0.0,"Full on middle and leg, 81ks, defended to the bowler. More a round-arm ball",1,False,0.0,101.0,20,2,126,20.33333333333333,4.967213114754099,50,252,151.0,29.666666666666668,5.089887640449438,False,2,8,full middle leg 81ks defended bowler roundarm ball,Good ball
127,20.3,Santner,Rohit Sharma,1.0,"Full on middle and leg, flicked to long-on. Pace very slow",1,False,1.0,102.0,20,3,127,20.5,4.975609756097561,50,252,150.0,29.5,5.084745762711864,False,2,8,full middle leg flicked longon pace slow,Full ball
128,20.4,Santner,Shreyas Iyer,4.0,"Shreyas needs no sighters, the ball sat up off a length and he twirl-pulled way over midwicket. No one in the deep. Back foot was in the crease, the front foot slid back too",1,False,4.0,106.0,20,4,128,20.666666666666668,5.129032258064516,50,252,146.0,29.33333333333333,4.977272727272728,False,2,8,shreyas need sighters ball sat length twirlpulled way midwicket one deep back foot crease front foot slid back,Good ball
129,20.5,Santner,Shreyas Iyer,0.0,"Darter this time by Santner, on a length and angled towards top of leg. Beats him on the flick",1,False,0.0,106.0,20,5,129,20.83333333333333,5.088,50,252,146.0,29.166666666666668,5.005714285714285,False,2,8,darter time santner length angled towards top leg beat flick,Good ball
130,20.6,Santner,Shreyas Iyer,0.0,"Full around off, defended to point, who's close in",1,False,0.0,106.0,20,6,130,21.0,5.047619047619048,50,252,146.0,29.0,5.0344827586206895,False,2,8,full around defended point who close,Good ball
131,21.1,Michael Bracewell,Rohit Sharma,0.0,"Length on fourth, worked off the back foot to midwicket",1,False,0.0,106.0,21,1,131,21.166666666666668,5.007874015748032,50,252,146.0,28.83333333333333,5.063583815028902,False,2,8,length fourth worked back foot midwicket,Good ball
132,21.2,Michael Bracewell,Rohit Sharma,1.0,"Another flick beaten, pad hit, but height might've been the issue here. Given runs, is it? Was a length ball that drifted away to land in line with fifth and finished around top of off after beating the inside edge",1,False,1.0,107.0,21,2,132,21.33333333333333,5.015625,50,252,145.0,28.666666666666668,5.058139534883721,False,2,8,another flick beaten pad hit height mightve issue given run length ball drifted away land line fifth finished around top beating inside edge,Good ball
133,21.3,Michael Bracewell,Shreyas Iyer,0.0,"Full around off, worked back to the bowler",1,False,0.0,107.0,21,3,133,21.5,4.976744186046512,50,252,145.0,28.5,5.087719298245614,False,2,8,full around worked back bowler,Good ball
134,21.4,Michael Bracewell,Shreyas Iyer,0.0,"Fullish on off, Shreyas goes back and works it to the leg side",1,False,0.0,107.0,21,4,134,21.666666666666668,4.938461538461538,50,252,145.0,28.33333333333333,5.11764705882353,False,2,8,fullish shreyas go back work leg side,Full ball
135,21.5,Michael Bracewell,Shreyas Iyer,1.0,"Tight single to point's left. Shreyas the caller there, Rohit was a touch hesitant but charged through. Was a full ball around off that was defended",1,False,1.0,108.0,21,5,135,21.83333333333333,4.946564885496184,50,252,144.0,28.166666666666668,5.112426035502958,False,2,8,tight single point left shreyas caller rohit touch hesitant charged full ball around defended,Full ball
136,21.6,Michael Bracewell,Rohit Sharma,0.0,"Fullish on off, flicked to the leg side.",1,False,0.0,108.0,21,6,136,22.0,4.909090909090909,50,252,144.0,28.0,5.142857142857143,False,2,8,fullish flicked leg side,Full ball
137,22.1,Ravindra,Shreyas Iyer,0.0,Shreyas' weight is on the front foot and that yorks him. He manages to punch the ball back to the bowler,1,False,0.0,108.0,22,1,137,22.166666666666668,4.87218045112782,50,252,144.0,27.83333333333333,5.173652694610778,False,2,8,shreyas weight front foot york manages punch ball back bowler,Good ball
138,22.2,Ravindra,Shreyas Iyer,1.0,"Full outside off, 88ks, punched to sweeper cover",1,False,1.0,109.0,22,2,138,22.33333333333333,4.880597014925374,50,252,143.0,27.666666666666668,5.16867469879518,False,2,8,full outside 88ks punched sweeper cover,Good ball
139,22.3,Ravindra,Rohit Sharma,1.0,"Full on middle, 89ks, punched to long-off",1,False,1.0,110.0,22,3,139,22.5,4.888888888888889,50,252,142.0,27.5,5.163636363636364,False,2,8,full middle 89ks punched longoff,Good ball
140,22.4,Ravindra,Shreyas Iyer,0.0,"Full on middle and leg, backs away and drives to cover",1,False,0.0,110.0,22,4,140,22.666666666666668,4.852941176470588,50,252,142.0,27.33333333333333,5.195121951219512,False,2,8,full middle leg back away drive cover,Good ball
141,22.5,Ravindra,Shreyas Iyer,0.0,"Full on leg, worked back to the bowler",1,False,0.0,110.0,22,5,141,22.83333333333333,4.817518248175182,50,252,142.0,27.166666666666668,5.226993865030675,False,2,8,full leg worked back bowler,Full ball
142,22.6,Ravindra,Shreyas Iyer,0.0,"Full on middle and leg, clipped through midwicket. 98ks",1,False,0.0,110.0,22,6,142,23.0,4.782608695652174,50,252,142.0,27.0,5.25925925925926,False,2,8,full middle leg clipped midwicket 98ks,Full ball
143,23.1,Michael Bracewell,Rohit Sharma,1.0,"Rohit dances down, turns the length ball into a full one and flicks it to long-on. 84ks",1,False,1.0,111.0,23,1,143,23.166666666666668,4.79136690647482,50,252,141.0,26.83333333333333,5.254658385093168,False,2,8,rohit dance turn length ball full one flick longon 84ks,Good ball
144,23.2,Michael Bracewell,Shreyas Iyer,1.0,"Length down leg, Shreyas is moving about in the crease a lot. He finishes square on and reaches down leg for the flick, gets it to deep square leg",1,False,1.0,112.0,23,2,144,23.33333333333333,4.8,50,252,140.0,26.666666666666668,5.25,False,2,8,length leg shreyas moving crease lot finish square reach leg flick get deep square leg,Full ball
145,23.3,Michael Bracewell,Rohit Sharma,0.0,"Length on leg, beats the flick and hits top of pad. Ball goes where short leg woulda been",1,False,0.0,112.0,23,3,145,23.5,4.76595744680851,50,252,140.0,26.5,5.283018867924528,False,2,8,length leg beat flick hit top pad ball go short leg woulda,Good ball
146,23.4,Michael Bracewell,Rohit Sharma,2.0,Gentle lap sweep. Rohit got into position early and had to delay his shot a bit but got the full ball on the stumps real fine. Stopped in the deep,1,False,2.0,114.0,23,4,146,23.666666666666668,4.816901408450704,50,252,138.0,26.33333333333333,5.2405063291139244,False,2,8,gentle lap sweep rohit got position early delay shot bit got full ball stump real fine stopped deep,Good ball
147,23.5,Michael Bracewell,Rohit Sharma,0.0,Works it off the front foot to mid-on,1,False,0.0,114.0,23,5,147,23.83333333333333,4.783216783216783,50,252,138.0,26.166666666666668,5.273885350318471,False,2,8,work front foot midon,Good ball
148,23.6,Michael Bracewell,Rohit Sharma,0.0,"Driven off the bottom of the bat, skewed wide to the left of the bowler. He leaps low but can't get hands on the hovering ball. It goes to mid-off",1,False,0.0,114.0,23,6,148,24.0,4.75,50,252,138.0,26.0,5.307692307692308,False,2,8,driven bottom bat skewed wide left bowler leap low cant get hand hovering ball go midoff,Good ball
149,24.1,Ravindra,Shreyas Iyer,1.0,Goes back and punches it to long-off,1,False,1.0,115.0,24,1,149,24.166666666666668,4.758620689655173,50,252,137.0,25.83333333333333,5.303225806451613,False,2,8,go back punch longoff,Good ball
150,24.2,Ravindra,Rohit Sharma,0.0,Punched off the back foot to the bowler,1,False,0.0,115.0,24,2,150,24.33333333333333,4.726027397260274,50,252,137.0,25.666666666666668,5.337662337662337,False,2,8,punched back foot bowler,Good ball
151,24.3,Ravindra,Rohit Sharma,0.0,"Length on off, 95ks, Rohit slides his front leg to the leg side and drives to the bowler",1,False,0.0,115.0,24,3,151,24.5,4.6938775510204085,50,252,137.0,25.5,5.372549019607843,False,2,8,length 95ks rohit slide front leg leg side drive bowler,Good ball
152,24.4,Ravindra,Rohit Sharma,0.0,"Ooh, Rohit was in trouble there. Lbw and caught midwicket were in play. He tried to sweep the full ball well in front of the body, was too early on it. The bottom hand might've come off but the ball went into the",1,False,0.0,115.0,24,4,152,24.666666666666668,4.662162162162162,50,252,137.0,25.33333333333333,5.407894736842105,False,2,8,ooh rohit trouble lbw caught midwicket play tried sweep full ball well front body early bottom hand mightve come ball went,Good ball
153,24.5,Ravindra,Rohit Sharma,0.0,"Full around fourth, defended to the bowler's left. 93ks",1,False,0.0,115.0,24,5,153,24.83333333333333,4.630872483221477,50,252,137.0,25.166666666666668,5.443708609271523,False,2,8,full around fourth defended bowler left 93ks,Good ball
154,24.6,Ravindra,Rohit Sharma,0.0,"Fullish length ball on the pads, clipped to midwicket",1,False,0.0,115.0,24,6,154,25.0,4.6,50,252,137.0,25.0,5.48,False,2,8,fullish length ball pad clipped midwicket,Full ball
155,25.1,Michael Bracewell,Shreyas Iyer,0.0,"Taken? No, it doesn't carry back to the bowler. Bracewell reached and fell forward but got half-volleyed. Was a length ball that landed around off and spun in sharply. Shreyas was going square on seamlessly but realised midway into the shot that he didn't account for the turn or the slowness. Got a leading edge that lobbed, but luckily for him the lack of power worked for him in the end",1,False,0.0,115.0,25,1,155,25.166666666666668,4.569536423841059,50,252,137.0,24.83333333333333,5.516778523489934,False,2,8,taken doesnt carry back bowler bracewell reached fell forward got halfvolleyed length ball landed around spun sharply shreyas going square seamlessly realised midway shot didnt account turn slowness got leading edge lobbed luckily lack power worked end,Good ball
156,25.2,Michael Bracewell,Shreyas Iyer,0.0,"Full at the stumps, worked back to the bowler",1,False,0.0,115.0,25,2,156,25.33333333333333,4.539473684210527,50,252,137.0,24.666666666666668,5.5540540540540535,False,2,8,full stump worked back bowler,Good ball
157,25.3,Michael Bracewell,Shreyas Iyer,0.0,Driven off the back foot to mid-off,1,False,0.0,115.0,25,3,157,25.5,4.509803921568627,50,252,137.0,24.5,5.591836734693878,False,2,8,driven back foot midoff,Full ball
158,25.4,Michael Bracewell,Shreyas Iyer,0.0,"Full on fourth, defended to cover. 91ks",1,False,0.0,115.0,25,4,158,25.666666666666668,4.48051948051948,50,252,137.0,24.33333333333333,5.63013698630137,False,2,8,full fourth defended cover 91ks,Good ball
159,25.5,Michael Bracewell,Shreyas Iyer,0.0,"Full on fourth, 89ks, worked to midwicket",1,False,0.0,115.0,25,5,159,25.83333333333333,4.451612903225807,50,252,137.0,24.166666666666668,5.668965517241379,False,2,8,full fourth 89ks worked midwicket,Full ball
160,25.6,Michael Bracewell,Shreyas Iyer,0.0,"Full on fourth, worked to the bowler's right",1,False,0.0,115.0,25,6,160,26.0,4.423076923076923,50,252,137.0,24.0,5.708333333333333,False,2,8,full fourth worked bowler right,Good ball
161,26.1,Ravindra,Rohit Sharma,-1.0,"The Squeeze. IS. ON! In fact, NZ have squeezed water out of stone. Rohit dances down and gets stumped! Huge moment, he waslks back with his head down for most of the way back. Applause from the crowd but NZ are well in the game now. First ball of the over, Rohit looked to manufacture a boundary. Was a shortish ball outside off that spun away, was a pre-meditated shot from Rohit. He charged down and tried to slap it over cover",1,False,-1.0,114.0,26,1,161,26.166666666666668,4.356687898089172,50,252,138.0,23.83333333333333,5.790209790209791,True,3,7,squeeze fact nz squeezed water stone rohit dance get stumped huge moment waslks back head way back applause crowd nz well game first ball rohit looked manufacture boundary shortish ball outside spun away premeditated shot rohit charged tried slap cover,Good ball
162,26.2,Ravindra,Axar Patel,0.0,"Sharp spin in, from a shortish length, punched off the back foot to midwicket",1,False,0.0,114.0,26,2,162,26.33333333333333,4.329113924050633,50,252,138.0,23.666666666666668,5.830985915492957,False,3,7,sharp spin shortish length punched back foot midwicket,Good ball
163,26.3,Ravindra,Axar Patel,0.0,"Full outside off, driven to cover",1,False,0.0,114.0,26,3,163,26.5,4.30188679245283,50,252,138.0,23.5,5.872340425531915,False,3,7,full outside driven cover,Good ball
164,26.4,Ravindra,Axar Patel,0.0,"Full outside off, driven to cover",1,False,0.0,114.0,26,4,164,26.666666666666668,4.275,50,252,138.0,23.33333333333333,5.914285714285715,False,3,7,full outside driven cover,Good ball
165,26.5,Ravindra,Axar Patel,0.0,Shortish ball bounces extra and beats the cut and hits him on the thigh pad,1,False,0.0,114.0,26,5,165,26.83333333333333,4.248447204968945,50,252,138.0,23.166666666666668,5.9568345323741,False,3,7,shortish ball bounce extra beat cut hit thigh pad,Good ball
166,26.6,Ravindra,Axar Patel,0.0,Goes back and punches the length ball on off to mid-off,1,False,0.0,114.0,26,6,166,27.0,4.222222222222222,50,252,138.0,23.0,6.0,False,3,7,go back punch length ball midoff,Good ball
167,27.1,Michael Bracewell,Shreyas Iyer,0.0,"Full on fifth, defended to point. 88ks.",1,False,0.0,114.0,27,1,167,27.166666666666668,4.196319018404908,50,252,138.0,22.83333333333333,6.043795620437956,False,3,7,full fifth defended point 88ks,Good ball
168,27.2,Michael Bracewell,Shreyas Iyer,0.0,"Dances down, gets to the pitch and works it back to the bowler",1,False,0.0,114.0,27,2,168,27.33333333333333,4.170731707317073,50,252,138.0,22.666666666666668,6.088235294117647,False,3,7,dance get pitch work back bowler,Good ball
169,27.3,Michael Bracewell,Shreyas Iyer,6.0,"Young tries to take a blinder, has to throw the ball back though. Has he stepped on the cushion though? Yes, replays show. He moved to the right, was facing right too and tried to take it above head. took it with both hands but one of the feet landed too quickly. Was a length ball to which Shreyas danced down and flicked with a full follow-through",1,False,6.0,120.0,27,3,169,27.5,4.363636363636363,50,252,132.0,22.5,5.866666666666666,False,3,7,young try take blinder throw ball back though stepped cushion though yes replay show moved right facing right tried take head took hand one foot landed quickly length ball shreyas danced flicked full followthrough,Good ball
170,27.4,Michael Bracewell,Shreyas Iyer,0.0,"Length down leg, flicked off the back foot with the spin",1,False,0.0,120.0,27,4,170,27.666666666666668,4.337349397590361,50,252,132.0,22.33333333333333,5.91044776119403,False,3,7,length leg flicked back foot spin,Good ball
171,27.5,Michael Bracewell,Shreyas Iyer,0.0,"Full on fifth, 90ks, punched to cover",1,False,0.0,120.0,27,5,171,27.83333333333333,4.311377245508982,50,252,132.0,22.166666666666668,5.954887218045113,False,3,7,full fifth 90ks punched cover,Good ball
172,27.6,Michael Bracewell,Shreyas Iyer,0.0,"Full on fifth, 89ks, defended to point",1,False,0.0,120.0,27,6,172,28.0,4.285714285714286,50,252,132.0,22.0,6.0,False,3,7,full fifth 89ks defended point,Good ball
173,28.1,Phillips,Axar Patel,1.0,"Full around off, worked to long-on",1,False,1.0,121.0,28,1,173,28.166666666666668,4.295857988165681,50,252,131.0,21.83333333333333,6.0,False,3,7,full around worked longon,Good ball
174,28.2,Phillips,Shreyas Iyer,2.0,"Bad misfield at short third by O'Rourke, Run-out chance? Axar was three-fourth of the way down but the throw never comes. Young twisted his ankle as he turned which let Shreyas off the hook. Was a length ball outside off that Shreyas tried driving through cover.",1,False,2.0,123.0,28,2,174,28.33333333333333,4.341176470588236,50,252,129.0,21.666666666666668,5.953846153846153,False,3,7,bad misfield short third orourke runout chance axar threefourth way throw never come young twisted ankle turned let shreyas hook length ball outside shreyas tried driving cover,Good ball
175,28.3,Phillips,Shreyas Iyer,0.0,"Length at the stumps, worked to midwicket. 90ks",1,False,0.0,123.0,28,3,175,28.5,4.315789473684211,50,252,129.0,21.5,6.0,False,3,7,length stump worked midwicket 90ks,Good ball
176,28.4,Phillips,Shreyas Iyer,1.0,Shovel pulls a length ball down leg to deep fine leg. Might've been a touch late on it,1,False,1.0,124.0,28,4,176,28.666666666666668,4.325581395348837,50,252,128.0,21.33333333333333,6.0,False,3,7,shovel pull length ball leg deep fine leg mightve touch late,Good ball
177,28.5,Phillips,Axar Patel,0.0,"Length on fourth, driven from the crease to cover",1,False,0.0,124.0,28,5,177,28.83333333333333,4.300578034682081,50,252,128.0,21.166666666666668,6.047244094488189,False,3,7,length fourth driven crease cover,Good ball
178,28.6,Phillips,Axar Patel,1.0,"Phillips boling to Axar like Axar bowled to him earlier in the evening. 89ks, flat on leg stump, punched to long-on",1,False,1.0,125.0,28,6,178,29.0,4.310344827586207,50,252,127.0,21.0,6.047619047619048,False,3,7,phillips boling axar like axar bowled earlier evening 89ks flat leg stump punched longon,Full ball
179,29.1,Michael Bracewell,Axar Patel,0.0,Single stopped with a dive to the right at mid-on.,1,False,0.0,125.0,29,1,179,29.166666666666668,4.285714285714286,50,252,127.0,20.83333333333333,6.096,False,3,7,single stopped dive right midon,Good ball
180,29.2,Michael Bracewell,Axar Patel,0.0,"Full on middle, defended to the bowler",1,False,0.0,125.0,29,2,180,29.33333333333333,4.261363636363637,50,252,127.0,20.666666666666668,6.14516129032258,False,3,7,full middle defended bowler,Good ball
181,29.3,Michael Bracewell,Axar Patel,1.0,"Goes back and punches it to long-on. Length on middle and off, Axar moved leg side and got the front leg in the air which made even more room",1,False,1.0,126.0,29,3,181,29.5,4.271186440677966,50,252,126.0,20.5,6.146341463414634,False,3,7,go back punch longon length middle axar moved leg side got front leg air made even room,Good ball
182,29.4,Michael Bracewell,Shreyas Iyer,1.0,"Full down leg, 88ks, glanced to short fine leg",1,False,1.0,127.0,29,4,182,29.666666666666668,4.280898876404494,50,252,125.0,20.33333333333333,6.147540983606557,False,3,7,full leg 88ks glanced short fine leg,Full ball
183,29.5,Michael Bracewell,Axar Patel,0.0,"Fullish on leg, defended to the bowler's left. 88ks.",1,False,0.0,127.0,29,5,183,29.83333333333333,4.256983240223464,50,252,125.0,20.166666666666668,6.198347107438016,False,3,7,fullish leg defended bowler left 88ks,Full ball
184,29.6,Michael Bracewell,Axar Patel,1.0,"Full on off, 82ks, driven to long-off",1,False,1.0,128.0,29,6,184,30.0,4.266666666666667,50,252,124.0,20.0,6.2,False,3,7,full 82ks driven longoff,Full ball
185,30.1,Phillips,Axar Patel,1.0,"Wide and fullish, slapped to long-off.",1,False,1.0,129.0,30,1,185,30.166666666666668,4.276243093922652,50,252,123.0,19.83333333333333,6.201680672268908,False,3,7,wide fullish slapped longoff,Good ball
186,30.2,Phillips,Shreyas Iyer,1.0,"Full on off, 91ks, worked to long-on",1,False,1.0,130.0,30,2,186,30.33333333333333,4.285714285714286,50,252,122.0,19.666666666666668,6.203389830508474,False,3,7,full 91ks worked longon,Good ball
187,30.3,Phillips,Axar Patel,1.0,"Fullish on middle, looked quick off the pitch. 93ks. Axar tried to drive straight, inside edged it through square leg",1,False,1.0,131.0,30,3,187,30.5,4.295081967213115,50,252,121.0,19.5,6.205128205128205,False,3,7,fullish middle looked quick pitch 93ks axar tried drive straight inside edged square leg,Full ball
188,30.4,Phillips,Shreyas Iyer,1.0,"Length on fifth, square driven off the back foot to deep point",1,False,1.0,132.0,30,4,188,30.666666666666668,4.304347826086956,50,252,120.0,19.33333333333333,6.206896551724138,False,3,7,length fifth square driven back foot deep point,Good ball
189,30.5,Phillips,Axar Patel,0.0,"Full on middle, 87ks, flicked to midwicket",1,False,0.0,132.0,30,5,189,30.83333333333333,4.281081081081081,50,252,120.0,19.166666666666668,6.260869565217391,False,3,7,full middle 87ks flicked midwicket,Full ball
190,30.6,Phillips,Axar Patel,1.0,"Wide on a length, slapped to long-off. Risk-free five runs off the over",1,False,1.0,133.0,30,6,190,31.0,4.290322580645161,50,252,119.0,19.0,6.2631578947368425,False,3,7,wide length slapped longoff riskfree five run,Good ball
191,31.1,Michael Bracewell,Axar Patel,1.0,"Fullish outside off, pushed to long-off",1,False,1.0,134.0,31,1,191,31.166666666666668,4.299465240641711,50,252,118.0,18.83333333333333,6.265486725663717,False,3,7,fullish outside pushed longoff,Good ball
192,31.2,Michael Bracewell,Shreyas Iyer,0.0,"Fullish at the stumps, defended to cover",1,False,0.0,134.0,31,2,192,31.33333333333333,4.276595744680852,50,252,118.0,18.666666666666668,6.321428571428571,False,3,7,fullish stump defended cover,Good ball
193,31.3,Michael Bracewell,Shreyas Iyer,0.0,"Length ball lands around off and spins down leg, glanced with the turn to short fine leg. 86ks",1,False,0.0,134.0,31,3,193,31.5,4.253968253968254,50,252,118.0,18.5,6.378378378378378,False,3,7,length ball land around spin leg glanced turn short fine leg 86ks,Good ball
194,31.4,Michael Bracewell,Shreyas Iyer,2.0,"Two dots and Shreyas charges down to whip hm over midwicket. The bat-face turned inwards on impact but there was enough elevation to eliminate the risk of a wicket. Floated a touch, Shreyas got to the pitch and was in position, got it off the bottom of the bat",1,False,2.0,136.0,31,4,194,31.666666666666668,4.294736842105263,50,252,116.0,18.33333333333333,6.327272727272728,False,3,7,two dot shreyas charge whip hm midwicket batface turned inwards impact enough elevation eliminate risk wicket floated touch shreyas got pitch position got bottom bat,Full ball
195,31.5,Michael Bracewell,Shreyas Iyer,1.0,Goes back and whips it to deep midwicket,1,False,1.0,137.0,31,5,195,31.83333333333333,4.303664921465969,50,252,115.0,18.166666666666668,6.330275229357798,False,3,7,go back whip deep midwicket,Full ball
196,31.6,Michael Bracewell,Axar Patel,0.0,"Wide and slow on a fullish length, underedged cut goes to point",1,False,0.0,137.0,31,6,196,32.0,4.28125,50,252,115.0,18.0,6.388888888888889,False,3,7,wide slow fullish length underedged cut go point,Good ball
197,32.1,Phillips,Shreyas Iyer,1.0,"Fullish outside off, pushes it with an open bat-face to point",1,False,1.0,138.0,32,1,197,32.166666666666664,4.290155440414508,50,252,114.0,17.833333333333336,6.392523364485981,False,3,7,fullish outside push open batface point,Good ball
198,32.2,Phillips,Axar Patel,1.0,Goes back and drives the length ball to long-on,1,False,1.0,139.0,32,2,198,32.333333333333336,4.298969072164948,50,252,113.0,17.666666666666664,6.396226415094341,False,3,7,go back drive length ball longon,Good ball
199,32.3,Phillips,Shreyas Iyer,1.0,"Loopy fullish ball outside off, stock ball. 86ks. Pushed through point",1,False,1.0,140.0,32,3,199,32.5,4.307692307692308,50,252,112.0,17.5,6.4,False,3,7,loopy fullish ball outside stock ball 86ks pushed point,Good ball
200,32.4,Phillips,Axar Patel,1.0,"Length on fourth, pulled to wide long-on",1,False,1.0,141.0,32,4,200,32.666666666666664,4.316326530612245,50,252,111.0,17.333333333333336,6.403846153846153,False,3,7,length fourth pulled wide longon,Good ball
201,32.5,Phillips,Shreyas Iyer,4.0,Swatted just wide of square leg. Catchable height but well to the left of Chapman at square leg. He flung his body but the ball sped past him. Was a shortish ball that didn't rise much and Shreyas pulled it while crouching. Great hand speed. India 99 away now,1,False,4.0,145.0,32,5,201,32.833333333333336,4.416243654822335,50,252,107.0,17.166666666666664,6.233009708737865,False,3,7,swatted wide square leg catchable height well left chapman square leg flung body ball sped past shortish ball didnt rise much shreyas pulled crouching great hand speed india 99 away,Full ball
202,32.6,Phillips,Shreyas Iyer,1.0,"Fullish on fifth, 91ks, open-faced push takes it to backward point",1,False,1.0,146.0,32,6,202,33.0,4.424242424242424,50,252,106.0,17.0,6.235294117647059,False,3,7,fullish fifth 91ks openfaced push take backward point,Good ball
203,33.1,Michael Bracewell,Shreyas Iyer,1.0,"Length on middle, flicked to long leg. Aaron Finch, on air, says the pressure seems to be waning off India",1,False,1.0,147.0,33,1,203,33.166666666666664,4.432160804020101,50,252,105.0,16.833333333333336,6.237623762376237,False,3,7,length middle flicked long leg aaron finch air say pressure seems waning india,Good ball
204,33.2,Michael Bracewell,Axar Patel,1.0,"Fullish on fourth, driven through cover",1,False,1.0,148.0,33,2,204,33.333333333333336,4.44,50,252,104.0,16.666666666666664,6.240000000000001,False,3,7,fullish fourth driven cover,Full ball
205,33.3,Michael Bracewell,Shreyas Iyer,1.0,"Good single to the left of cover point. Tossed-up fullish ball at the stumps, Shreyas' body was lunging forward early but he took the power off the full-faced block. It opened up to allow the ball trickle off side",1,False,1.0,149.0,33,3,205,33.5,4.447761194029851,50,252,103.0,16.5,6.242424242424242,False,3,7,good single left cover point tossedup fullish ball stump shreyas body lunging forward early took power fullfaced block opened allow ball trickle side,Good ball
206,33.4,Michael Bracewell,Axar Patel,0.0,"Drives the full ball back to the bowler. Stopped in the follow-through, lots of revs on that",1,False,0.0,149.0,33,4,206,33.666666666666664,4.425742574257426,50,252,103.0,16.333333333333336,6.306122448979591,False,3,7,drive full ball back bowler stopped followthrough lot rev,Good ball
207,33.5,Michael Bracewell,Axar Patel,1.0,Cuts the length ball outside off to deep point,1,False,1.0,150.0,33,5,207,33.833333333333336,4.433497536945812,50,252,102.0,16.166666666666664,6.309278350515465,False,3,7,cut length ball outside deep point,Good ball
208,33.6,Michael Bracewell,Shreyas Iyer,1.0,"Shortish ball on fifth spins back, Shreyas is able to cut it nicely. Finds sweeper cover",1,False,1.0,151.0,33,6,208,34.0,4.441176470588236,50,252,101.0,16.0,6.3125,False,3,7,shortish ball fifth spin back shreyas able cut nicely find sweeper cover,Good ball
209,34.1,Phillips,Shreyas Iyer,0.0,Beaten on the cut. Loopy shortish offbreak landed wide outside off and spun in a touch. Not much bounce or pace to work with,1,False,0.0,151.0,34,1,209,34.166666666666664,4.419512195121952,50,252,101.0,15.833333333333336,6.378947368421052,False,3,7,beaten cut loopy shortish offbreak landed wide outside spun touch much bounce pace work,Good ball
210,34.2,Phillips,Shreyas Iyer,0.0,Dances down but has to slice it as the ball was shortish. Gets it to short third,1,False,0.0,151.0,34,2,210,34.333333333333336,4.398058252427184,50,252,101.0,15.666666666666664,6.446808510638299,False,3,7,dance slice ball shortish get short third,Good ball
211,34.3,Phillips,Shreyas Iyer,1.0,"Length on off, punched to long-on off the back foot",1,False,1.0,152.0,34,3,211,34.5,4.405797101449275,50,252,100.0,15.5,6.451612903225806,False,3,7,length punched longon back foot,Good ball
212,34.4,Phillips,Axar Patel,1.0,Stop the press. Phillips misfields. Just a single allowed though. He moved to the left in follow-through and slid low. Was a length ball at the stumps that was punched with the full-faced bat,1,False,1.0,153.0,34,4,212,34.666666666666664,4.413461538461538,50,252,99.0,15.333333333333336,6.456521739130434,False,3,7,stop press phillips misfields single allowed though moved left followthrough slid low length ball stump punched fullfaced bat,Good ball
213,34.5,Phillips,Shreyas Iyer,0.0,Tucks it off the back foot through midwicket,1,False,0.0,153.0,34,5,213,34.833333333333336,4.392344497607655,50,252,99.0,15.166666666666664,6.527472527472528,False,3,7,tuck back foot midwicket,Full ball
214,34.6,Phillips,Shreyas Iyer,0.0,"Shreyas wanted the single, Axar sends him back... like he did the second ball of the over. This was a length ball on fourth that was defended to the keeper's left",1,False,0.0,153.0,34,6,214,35.0,4.371428571428571,50,252,99.0,15.0,6.6,False,3,7,shreyas wanted single axar sends back like second ball length ball fourth defended keeper left,Good ball
215,35.1,O'Rourke,Axar Patel,0.0,"Good length ball angling into Axar on middle and leg, he mistimes to mid-on",1,False,0.0,153.0,35,1,215,35.166666666666664,4.350710900473934,50,252,99.0,14.833333333333336,6.6741573033707855,False,3,7,good length ball angling axar middle leg mistimes midon,Good ball
216,35.2,O'Rourke,Axar Patel,1.0,"Back of a length ball on middle stump, he stands tall and bunts to mid-on and sets off",1,False,1.0,154.0,35,2,216,35.333333333333336,4.358490566037736,50,252,98.0,14.666666666666664,6.681818181818183,False,3,7,back length ball middle stump stand tall bunt midon set,Good ball
217,35.3,O'Rourke,Shreyas Iyer,1.0,"Good length ball outside off, he carves it to deep point",1,False,1.0,155.0,35,3,217,35.5,4.366197183098592,50,252,97.0,14.5,6.689655172413793,False,3,7,good length ball outside carves deep point,Good ball
218,35.4,O'Rourke,Axar Patel,0.0,On a length angling into Axar on middle. He whisks this to midwicket. Hit that fairly firmly but couldn't find the gap,1,False,0.0,155.0,35,4,218,35.666666666666664,4.345794392523365,50,252,97.0,14.333333333333336,6.767441860465115,False,3,7,length angling axar middle whisk midwicket hit fairly firmly couldnt find gap,Good ball
219,35.5,O'Rourke,Axar Patel,1.0,"Banged in short on middle, he splices to deep midwicket for a run",1,False,1.0,156.0,35,5,219,35.833333333333336,4.353488372093023,50,252,96.0,14.166666666666664,6.776470588235295,False,3,7,banged short middle splice deep midwicket run,Full ball
220,35.6,O'Rourke,Shreyas Iyer,2.0,"Banged in short as expected outside off stump, he swivels and pulls to the right of deep midwicket for a couple of runs to end the over",1,False,2.0,158.0,35,6,220,36.0,4.388888888888889,50,252,94.0,14.0,6.714285714285714,False,3,7,banged short expected outside stump swivel pull right deep midwicket couple run end,Good ball
221,36.1,Phillips,Axar Patel,1.0,"Flatter on middle and leg, he chips this aerially to long-on for a run",1,False,1.0,159.0,36,1,221,36.16666666666666,4.3963133640553,50,252,93.0,13.833333333333336,6.72289156626506,False,3,7,flatter middle leg chip aerially longon run,Full ball
222,36.2,Phillips,Shreyas Iyer,0.0,"Goes flatter and drags his length on off, he pushes back to the bowler",1,False,0.0,159.0,36,2,222,36.333333333333336,4.376146788990825,50,252,93.0,13.666666666666664,6.804878048780489,False,3,7,go flatter drag length push back bowler,Good ball
223,36.3,Phillips,Shreyas Iyer,6.0,"WHACKED!Floated outside off stump. He bends down on one knee, gets under it and absolutely smokes this over deep midwicket for a 109m six. That is huge!",1,False,6.0,165.0,36,3,223,36.5,4.52054794520548,50,252,87.0,13.5,6.444444444444445,False,3,7,whackedfloated outside stump bend one knee get absolutely smoke deep midwicket 109m six huge,Good ball
224,36.4,Phillips,Shreyas Iyer,1.0,"DROPPED by Jamieson at long-on!That is such a huge moment in the game. Floated on off, he charges down, gets too close to the ball and hits this straight to Jamieson who has dropped an absolute sitter",1,False,1.0,166.0,36,4,224,36.66666666666666,4.527272727272727,50,252,86.0,13.333333333333336,6.449999999999999,False,3,7,dropped jamieson longonthat huge moment game floated charge get close ball hit straight jamieson dropped absolute sitter,Full ball
225,36.5,Phillips,Axar Patel,1.0,"Flatter on middle and leg, worked to square leg for a run",1,False,1.0,167.0,36,5,225,36.833333333333336,4.53393665158371,50,252,85.0,13.166666666666664,6.455696202531647,False,3,7,flatter middle leg worked square leg run,Full ball
226,36.6,Phillips,Shreyas Iyer,1.0,"Floats this on off stump, he prods forward and eases past Phillips down to long-on",1,False,1.0,168.0,36,6,226,37.0,4.54054054054054,50,252,84.0,13.0,6.461538461538462,False,3,7,float stump prod forward eas past phillips longon,Good ball
227,37.1,O'Rourke,Shreyas Iyer,1.0,"Back of a length ball outside ff, he steers this down to deep third",1,False,1.0,169.0,37,1,227,37.16666666666666,4.547085201793722,50,252,83.0,12.833333333333336,6.467532467532466,False,3,7,back length ball outside ff steer deep third,Good ball
228,37.2,O'Rourke,Axar Patel,1.0,"Back of a length ball on middle and leg, he works this to deep backward square leg",1,False,1.0,170.0,37,2,228,37.333333333333336,4.553571428571428,50,252,82.0,12.666666666666664,6.473684210526317,False,3,7,back length ball middle leg work deep backward square leg,Full ball
229,37.3,O'Rourke,Shreyas Iyer,1.0,"Banged in short outside off, he looks to just help this fine, gets a soft top-edge to deep fine leg",1,False,1.0,171.0,37,3,229,37.5,4.56,50,252,81.0,12.5,6.48,False,3,7,banged short outside look help fine get soft topedge deep fine leg,Good ball
230,37.4,O'Rourke,Axar Patel,0.0,"Sharp good length ball on middle, he ticks this to midwicket",1,False,0.0,171.0,37,4,230,37.66666666666666,4.539823008849558,50,252,81.0,12.333333333333336,6.567567567567567,False,3,7,sharp good length ball middle tick midwicket,Good ball
231,37.5,O'Rourke,Axar Patel,4.0,"Pulled with disdain, and he gets a four for his effort. Stunning shot!Back of a length ball on the stumps, he whips it past mid-on with authority",1,False,4.0,175.0,37,5,231,37.833333333333336,4.625550660792952,50,252,77.0,12.166666666666664,6.3287671232876725,False,3,7,pulled disdain get four effort stunning shotback length ball stump whip past midon authority,Good ball
232,37.6,O'Rourke,Axar Patel,0.0,"Again, confusion with the running but Iyer is safe.Good length on off, he pushes to mid-off and takes a few steps down the track before going back. Iyer commits to the single only to turn back in time. There is a direct hit, but Iyer was in. That will be drinks",1,False,0.0,175.0,37,6,232,38.0,4.605263157894737,50,252,77.0,12.0,6.416666666666667,False,3,7,confusion running iyer safegood length push midoff take step track going back iyer commits single turn back time direct hit iyer drink,Good ball
233,38.1,Santner,Shreyas Iyer,0.0,Angled in on off stump as Iyer prods forward and pushes to cover,1,False,0.0,175.0,38,1,233,38.16666666666666,4.585152838427948,50,252,77.0,11.833333333333336,6.507042253521125,False,3,7,angled stump iyer prod forward push cover,Good ball
234,38.2,Santner,Shreyas Iyer,0.0,"Flatter on leg stump, he was looking to work this away but misses and is rapped on the pad",1,False,0.0,175.0,38,2,234,38.333333333333336,4.565217391304348,50,252,77.0,11.666666666666664,6.600000000000001,False,3,7,flatter leg stump looking work away miss rapped pad,Full ball
235,38.3,Santner,Shreyas Iyer,0.0,"Floated outside off, he drives to extra cover",1,False,0.0,175.0,38,3,235,38.5,4.545454545454546,50,252,77.0,11.5,6.695652173913044,False,3,7,floated outside drive extra cover,Good ball
236,38.4,Santner,Shreyas Iyer,-1.0,"In the air and taken by Ravindra sprinting to his left from short fine leg.That is a lovely catch by him diving low. Stifle short on middle stump, he gets across looking to pull this fine, gets it off the splice. Rachin moves beautifully to his left and grabs this inches off the turf",1,False,-1.0,174.0,38,4,236,38.66666666666666,4.5,50,252,78.0,11.333333333333336,6.882352941176469,True,4,6,air taken ravindra sprinting left short fine legthat lovely catch diving low stifle short middle stump get across looking pull fine get splice rachin move beautifully left grab inch turf,Good ball
237,38.5,Santner,Rahul,1.0,"Floated outside off, he stretches forward and drives to deep cover",1,False,1.0,175.0,38,5,237,38.833333333333336,4.506437768240343,50,252,77.0,11.166666666666664,6.895522388059703,False,4,6,floated outside stretch forward drive deep cover,Good ball
238,38.6,Santner,Axar Patel,6.0,"SMOKED for six!Tossed  up on the stumps, he brings out the slog sweep and nails that over deep backward square leg",1,False,6.0,181.0,38,6,238,39.0,4.641025641025641,50,252,71.0,11.0,6.454545454545454,False,4,6,smoked sixtossed stump brings slog sweep nail deep backward square leg,Full ball
239,39.1,Michael Bracewell,Rahul,0.0,"Flatter on off stump, he stays back and pushes to the bowler",1,False,0.0,181.0,39,1,239,39.16666666666666,4.621276595744681,50,252,71.0,10.833333333333336,6.553846153846153,False,4,6,flatter stump stay back push bowler,Good ball
240,39.2,Michael Bracewell,Rahul,0.0,"Tossed up outside off, he shimmies down the track and ticks to midwicket",1,False,0.0,181.0,39,2,240,39.333333333333336,4.601694915254237,50,252,71.0,10.666666666666664,6.656250000000002,False,4,6,tossed outside shimmy track tick midwicket,Good ball
241,39.3,Michael Bracewell,Rahul,0.0,Turns the length ball into Rahul who stays back and pushes to cover,1,False,0.0,181.0,39,3,241,39.5,4.582278481012659,50,252,71.0,10.5,6.761904761904762,False,4,6,turn length ball rahul stay back push cover,Good ball
242,39.4,Michael Bracewell,Rahul,0.0,"Flatter length ball around off stump, he stays back and pushes this to straight midwicket",1,False,0.0,181.0,39,4,242,39.66666666666666,4.563025210084034,50,252,71.0,10.333333333333336,6.870967741935482,False,4,6,flatter length ball around stump stay back push straight midwicket,Good ball
243,39.5,Michael Bracewell,Rahul,1.0,"A yes and no situation and they make it home, eventually Tossed up on off, he works this to Santner's left at square leg. Miscommunication but here was always a run on",1,False,1.0,182.0,39,5,243,39.833333333333336,4.569037656903766,50,252,70.0,10.166666666666664,6.885245901639346,False,4,6,yes situation make home eventually tossed work santners left square leg miscommunication always run,Full ball
244,39.6,Michael Bracewell,Axar Patel,0.0,"Slower length ball on middle, he works this to midwicket",1,False,0.0,182.0,39,6,244,40.0,4.55,50,252,70.0,10.0,7.0,False,4,6,slower length ball middle work midwicket,Good ball
245,40.1,Santner,Rahul,1.0,"Flatter length ball on middle stump, he plays with an open face of the bat to GP's left at extra cover and takes a quick run",1,False,1.0,183.0,40,1,245,40.16666666666666,4.556016597510374,50,252,69.0,9.833333333333336,7.016949152542371,False,4,6,flatter length ball middle stump play open face bat gps left extra cover take quick run,Good ball
246,40.2,Santner,Axar Patel,0.0,"Flattish length ball on off, he stays back and works this to midwicket",1,False,0.0,183.0,40,2,246,40.333333333333336,4.537190082644628,50,252,69.0,9.666666666666664,7.137931034482761,False,4,6,flattish length ball stay back work midwicket,Good ball
247,40.3,Santner,Axar Patel,1.0,Drags down his length outside off as Axar stays back and punches to long-off,1,False,1.0,184.0,40,3,247,40.5,4.54320987654321,50,252,68.0,9.5,7.157894736842105,False,4,6,drag length outside axar stay back punch longoff,Good ball
248,40.4,Santner,Rahul,6.0,"Going, going, gone!Gently tossed up on leg stump. Rahul clears his front leg, gives himself some room and goes miles over long-on",1,False,6.0,190.0,40,4,248,40.66666666666666,4.672131147540984,50,252,62.0,9.333333333333336,6.6428571428571415,False,4,6,going going gonegently tossed leg stump rahul clear front leg give room go mile longon,Good ball
249,40.5,Santner,Rahul,2.0,"Short and wide outside off, he stays back and slaps to the right of GP at short extra cover. He gets a hand to it, but can't prevent two. India's 200 is up",1,False,2.0,192.0,40,5,249,40.833333333333336,4.70204081632653,50,252,60.0,9.166666666666664,6.545454545454547,False,4,6,short wide outside stay back slap right gp short extra cover get hand cant prevent two india 200,Good ball
250,40.6,Santner,Rahul,1.0,"Angled in on middle, he works this with soft hands towards deep midwicket for a run",1,False,1.0,193.0,40,6,250,41.0,4.7073170731707314,50,252,59.0,9.0,6.555555555555555,False,4,6,angled middle work soft hand towards deep midwicket run,Full ball
251,41.1,Michael Bracewell,Rahul,0.0,"Tossed up on off, he works this calmly to square leg",1,False,0.0,193.0,41,1,251,41.16666666666666,4.688259109311741,50,252,59.0,8.833333333333336,6.679245283018866,False,4,6,tossed work calmly square leg,Full ball
252,41.2,Michael Bracewell,Rahul,1.0,"Tossed up on middle stump, he clips this past GP at short midwicket for a run",1,False,1.0,194.0,41,2,252,41.333333333333336,4.693548387096774,50,252,58.0,8.666666666666664,6.692307692307694,False,4,6,tossed middle stump clip past gp short midwicket run,Full ball
253,41.3,Michael Bracewell,Axar Patel,-1.0,"Axar falls and Bracewell has another one.That's not Axar's best moment, I must add. Floated on off stump, he takes a couple of steps down the track and looks to go over long-off. Completely mis-hits this and O'Rourke takes a safe catch.",1,False,-1.0,193.0,41,3,253,41.5,4.650602409638554,50,252,59.0,8.5,6.941176470588236,True,5,5,axar fall bracewell another onethats axars best moment must add floated stump take couple step track look go longoff completely mishits orourke take safe catch,Good ball
254,41.4,Michael Bracewell,Hardik,0.0,"Flatter length ball on off, Pandya prods forward and defends",1,False,0.0,193.0,41,4,254,41.66666666666666,4.632000000000001,50,252,59.0,8.333333333333336,7.079999999999998,False,5,5,flatter length ball pandya prod forward defends,Good ball
255,41.5,Michael Bracewell,Hardik,0.0,"Darted in on off stump, Pandya stretches forward and defends",1,False,0.0,193.0,41,5,255,41.833333333333336,4.613545816733067,50,252,59.0,8.166666666666664,7.22448979591837,False,5,5,darted stump pandya stretch forward defends,Good ball
256,41.6,Michael Bracewell,Hardik,0.0,"Slows up the length ball outside off, he gets half-forward and blocks",1,False,0.0,193.0,41,6,256,42.0,4.595238095238095,50,252,59.0,8.0,7.375,False,5,5,slows length ball outside get halfforward block,Good ball
257,42.1,Santner,Rahul,0.0,"Angles the length ball on middle, he prods forward and defends back to the bowler",1,False,0.0,193.0,42,1,257,42.16666666666666,4.5770750988142295,50,252,59.0,7.833333333333336,7.531914893617019,False,5,5,angle length ball middle prod forward defends back bowler,Good ball
258,42.2,Santner,Rahul,0.0,"Floated outside off, he plays with an open face of the blade to cover point's right. Rahul wanted the run, Pandya didn't",1,False,0.0,193.0,42,2,258,42.333333333333336,4.559055118110236,50,252,59.0,7.666666666666664,7.695652173913046,False,5,5,floated outside play open face blade cover point right rahul wanted run pandya didnt,Good ball
259,42.3,Santner,Rahul,1.0,"Tossed up on middle, he stays leg side of the ball and eases it to long-off",1,False,1.0,194.0,42,3,259,42.5,4.564705882352941,50,252,58.0,7.5,7.733333333333333,False,5,5,tossed middle stay leg side ball eas longoff,Full ball
260,42.4,Santner,Hardik,1.0,"Tad bit short on leg stump, he works this to the on-side for a quick run",1,False,1.0,195.0,42,4,260,42.66666666666666,4.5703125,50,252,57.0,7.333333333333336,7.77272727272727,False,5,5,tad bit short leg stump work onside quick run,Good ball
261,42.5,Santner,Rahul,0.0,"Good length ball outside off, he pushes to the right of cover point. He wanted a run but is sent back again",1,False,0.0,195.0,42,5,261,42.833333333333336,4.552529182879377,50,252,57.0,7.166666666666664,7.953488372093026,False,5,5,good length ball outside push right cover point wanted run sent back,Good ball
262,42.5,Santner,Rahul,0.0,Flatter and well down leg. Called a wide,1,False,0.0,195.0,42,5,262,42.833333333333336,4.552529182879377,50,252,57.0,7.166666666666664,7.953488372093026,False,5,5,flatter well leg called wide,Full ball
263,42.6,Santner,Rahul,0.0,Angles the full-length ball on the stumps which is batted back to the bowler. Santner finishes with 2 for 46 off his ten,1,False,0.0,195.0,42,6,263,43.0,4.534883720930233,50,252,57.0,7.0,8.142857142857142,False,5,5,angle fulllength ball stump batted back bowler santner finish 2 46 ten,Good ball
264,43.1,Ravindra,Hardik,1.0,"Tossed up on leg stump, he pushes to long-on for a run",1,False,1.0,196.0,43,1,264,43.16666666666666,4.54054054054054,50,252,56.0,6.833333333333336,8.195121951219509,False,5,5,tossed leg stump push longon run,Full ball
265,43.2,Ravindra,Rahul,0.0,"Floated outside off, he opens the face of the bat and steers to point",1,False,0.0,196.0,43,2,265,43.333333333333336,4.523076923076923,50,252,56.0,6.666666666666664,8.400000000000002,False,5,5,floated outside open face bat steer point,Good ball
266,43.3,Ravindra,Rahul,1.0,"Short and wide, he drills this to deep cover but only for a run",1,False,1.0,197.0,43,3,266,43.5,4.528735632183908,50,252,55.0,6.5,8.461538461538462,False,5,5,short wide drill deep cover run,Good ball
267,43.4,Ravindra,Hardik,2.0,"Whacked for a couple of runs. Dragged down again outside off, he clatters this through covers and to the right of sweeper",1,False,2.0,199.0,43,4,267,43.66666666666666,4.557251908396947,50,252,53.0,6.333333333333336,8.368421052631575,False,5,5,whacked couple run dragged outside clatter cover right sweeper,Good ball
268,43.5,Ravindra,Hardik,1.0,"Short, wide one more time. He cuts this hard to sweeper cover. Not the best over from Rachin so far",1,False,1.0,200.0,43,5,268,43.833333333333336,4.562737642585551,50,252,52.0,6.166666666666664,8.432432432432435,False,5,5,short wide one time cut hard sweeper cover best rachin far,Good ball
269,43.6,Ravindra,Rahul,1.0,"Tossed up on middle, he ticks this to deep midwicket with soft hands where GP comes charging in and prevents the second. He fails to pick up cleanly and had the two committed to the second run, they would have been home easy",1,False,1.0,201.0,43,6,269,44.0,4.568181818181818,50,252,51.0,6.0,8.5,False,5,5,tossed middle tick deep midwicket soft hand gp come charging prevents second fails pick cleanly two committed second run would home easy,Full ball
270,44.1,O'Rourke,Rahul,4.0,"Four to start the 45th over. Too full outside off, Rahul stays still and drills the cover drive away from the fielder deep.",1,False,4.0,205.0,44,1,270,44.16666666666666,4.6415094339622645,50,252,47.0,5.833333333333336,8.057142857142853,False,5,5,four start 45th full outside rahul stay still drill cover drive away fielder deep,Good ball
271,44.2,O'Rourke,Rahul,2.0,"Good length ball outside off, he pats this to the left of point and they get two more",1,False,2.0,207.0,44,2,271,44.333333333333336,4.669172932330826,50,252,45.0,5.666666666666664,7.941176470588239,False,5,5,good length ball outside pat left point get two,Good ball
272,44.3,O'Rourke,Rahul,1.0,Good length ball again outside off as Rahul steers this to the right of Chapman at point for a run again,1,False,1.0,208.0,44,3,272,44.5,4.674157303370786,50,252,44.0,5.5,8.0,False,5,5,good length ball outside rahul steer right chapman point run,Good ball
273,44.4,O'Rourke,Hardik,0.0,back of a length ball on Pandya's hips around middle and leg. He gets across and tips this to midwicket,1,False,0.0,208.0,44,4,273,44.66666666666666,4.656716417910448,50,252,44.0,5.333333333333336,8.249999999999996,False,5,5,back length ball pandyas hip around middle leg get across tip midwicket,Good ball
274,44.5,O'Rourke,Hardik,0.0,"Too short outside off stump, Pandya lets this go. Think he was looking for a wide, not given.",1,False,0.0,208.0,44,5,274,44.833333333333336,4.639405204460966,50,252,44.0,5.166666666666664,8.516129032258068,False,5,5,short outside stump pandya let go think looking wide given,Good ball
275,44.6,O'Rourke,Hardik,1.0,"Length ball on his pads, Pandya flicks this with authority but there is a fielder stationed at deep midwicket",1,False,1.0,209.0,44,6,275,45.0,4.644444444444445,50,252,43.0,5.0,8.6,False,5,5,length ball pad pandya flick authority fielder stationed deep midwicket,Good ball
276,45.1,Ravindra,Hardik,6.0,CRRRRUNCHED!Tossed up right in his arc on middle. He extends his arms and sends this sailing straight over the bowler's head for a huge six,1,False,6.0,215.0,45,1,276,45.16666666666666,4.760147601476015,50,252,37.0,4.833333333333336,7.6551724137931,False,5,5,crrrrunchedtossed right arc middle extends arm sends sailing straight bowler head huge six,Full ball
277,45.2,Ravindra,Hardik,0.0,"Flatter outside off, he drills this to extra cover",1,False,0.0,215.0,45,2,277,45.333333333333336,4.742647058823529,50,252,37.0,4.666666666666664,7.928571428571432,False,5,5,flatter outside drill extra cover,Good ball
278,45.3,Ravindra,Hardik,1.0,"Flatter outside off, he chops this onto the pitch with the ball going to point. They take a quick run",1,False,1.0,216.0,45,3,278,45.5,4.747252747252747,50,252,36.0,4.5,8.0,False,5,5,flatter outside chop onto pitch ball going point take quick run,Good ball
279,45.4,Ravindra,Rahul,0.0,"Quicker length ball outside off, he mistimes this back towards the bowler",1,False,0.0,216.0,45,4,279,45.66666666666666,4.729927007299271,50,252,36.0,4.333333333333336,8.307692307692303,False,5,5,quicker length ball outside mistimes back towards bowler,Good ball
280,45.5,Ravindra,Rahul,1.0,Shimmies down the track and eases the length ball to long-on for a run,1,False,1.0,217.0,45,5,280,45.833333333333336,4.734545454545454,50,252,35.0,4.166666666666664,8.400000000000004,False,5,5,shimmy track eas length ball longon run,Good ball
281,45.6,Ravindra,Rahul,1.0,"Floated outside off, he pushes to extra cover for a run. 11 off the over.",1,False,1.0,218.0,45,6,281,46.0,4.739130434782608,50,252,34.0,4.0,8.5,False,5,5,floated outside push extra cover run 11,Good ball
282,45.6,Ravindra,Hardik,0.0,"Tossed up outside off, Pandya lets the ball go and that's been called a wide. Ooh, think that's a tight call. Latham missed and conceded a bye as well",1,False,0.0,218.0,45,6,282,46.0,4.739130434782608,50,252,34.0,4.0,8.5,False,5,5,tossed outside pandya let ball go thats called wide ooh think thats tight call latham missed conceded bye well,Good ball
283,46.1,O'Rourke,Rahul,1.0,"Banged in short, he mistimes his pull to deep backward square leg for a run",1,False,1.0,219.0,46,1,283,46.16666666666666,4.743682310469314,50,252,33.0,3.833333333333336,8.608695652173907,False,5,5,banged short mistimes pull deep backward square leg run,Full ball
284,46.2,O'Rourke,Hardik,0.0,"Swish and a miss!Back of a length ball skidding through at pace on off. He was looking to pull that away, but gets beaten",1,False,0.0,219.0,46,2,284,46.333333333333336,4.726618705035971,50,252,33.0,3.666666666666664,9.000000000000005,False,5,5,swish missback length ball skidding pace looking pull away get beaten,Good ball
285,46.3,O'Rourke,Hardik,4.0,"BANG! Good length ball outside off, he jumps down the track and muscles it over mid-off. The ball goes to the fence one bounce",1,False,4.0,223.0,46,3,285,46.5,4.795698924731183,50,252,29.0,3.5,8.285714285714286,False,5,5,bang good length ball outside jump track muscle midoff ball go fence one bounce,Good ball
286,46.4,O'Rourke,Hardik,1.0,"Fuller in length outside off, he drives to deep cover",1,False,1.0,224.0,46,4,286,46.66666666666666,4.8,50,252,28.0,3.333333333333336,8.399999999999993,False,5,5,fuller length outside drive deep cover,Good ball
287,46.5,O'Rourke,Rahul,2.0,"Big miscommunication, but no harm done.Good length ball on leg stump, he works this fine to Rachin who fires in a throw. Both Rahul and Pandya are almost at the same end. Eventually, no harm done.",1,False,2.0,226.0,46,5,287,46.833333333333336,4.825622775800712,50,252,26.0,3.1666666666666643,8.21052631578948,False,5,5,big miscommunication harm donegood length ball leg stump work fine rachin fire throw rahul pandya almost end eventually harm done,Good ball
288,46.6,O'Rourke,Rahul,1.0,"Banged in short at shoulder height, he pulls to deep square leg for a run",1,False,1.0,227.0,46,6,288,47.0,4.829787234042553,50,252,25.0,3.0,8.333333333333334,False,5,5,banged short shoulder height pull deep square leg run,Full ball
289,47.1,Jamieson,Rahul,1.0,"Back of a length ball on off, he mistimes towards the off side, they take a quick run",1,False,1.0,228.0,47,1,289,47.16666666666666,4.8339222614841,50,252,24.0,2.833333333333336,8.47058823529411,False,5,5,back length ball mistimes towards side take quick run,Good ball
290,47.2,Jamieson,Hardik,0.0,"Sharp short of a length ball outside off, he sways outside the line of that",1,False,0.0,228.0,47,2,290,47.333333333333336,4.816901408450704,50,252,24.0,2.6666666666666643,9.000000000000009,False,5,5,sharp short length ball outside sway outside line,Good ball
291,47.3,Jamieson,Hardik,-1.0,Straight up and taken by Jamieson. Is it not over yet?Sharp bouncer shoulder-high on off. Pandya is rushed into the pull and can only manage a top-edge that goes straight up and is held by Jamieson with ease,1,False,-1.0,227.0,47,3,291,47.5,4.778947368421052,50,252,25.0,2.5,10.0,True,6,4,straight taken jamieson yetsharp bouncer shoulderhigh pandya rushed pull manage topedge go straight held jamieson ease,Full ball
292,47.4,Jamieson,Jadeja,2.0,"Back of a length ball on his hips, he works this to deep backward square leg and takes a couple of runs",1,False,2.0,229.0,47,4,292,47.66666666666666,4.804195804195804,50,252,23.0,2.333333333333336,9.857142857142849,False,6,4,back length ball hip work deep backward square leg take couple run,Good ball
293,47.5,Jamieson,Jadeja,2.0,"Two more! India getting closer. Banged in short on middle, he hooks to deep backward square leg",1,False,2.0,231.0,47,5,293,47.833333333333336,4.829268292682927,50,252,21.0,2.1666666666666643,9.692307692307702,False,6,4,two india getting closer banged short middle hook deep backward square leg,Full ball
294,47.6,Jamieson,Jadeja,0.0,"Back of a length ball outside off, he chops this to point and sets off for a run only to be sent back. Chapman underarms a direct throw but Jadeja is in",1,False,0.0,231.0,47,6,294,48.0,4.8125,50,252,21.0,2.0,10.5,False,6,4,back length ball outside chop point set run sent back chapman underarms direct throw jadeja,Good ball
295,48.1,O'Rourke,Rahul,2.0,"Yorker on off stump, he squirts this past a diving point for a couple of runs",1,False,2.0,233.0,48,1,295,48.16666666666666,4.837370242214533,50,252,19.0,1.833333333333336,10.36363636363635,False,6,4,yorker stump squirt past diving point couple run,Good ball
296,48.2,O'Rourke,Rahul,1.0,"Good length ball on off, he gets a thick inside-edge to the on-side for a run",1,False,1.0,234.0,48,2,296,48.333333333333336,4.841379310344827,50,252,18.0,1.6666666666666643,10.800000000000017,False,6,4,good length ball get thick insideedge onside run,Good ball
297,48.3,O'Rourke,Jadeja,0.0,"Good length ball on leg stump, the ball flicks his pad through to the keeper",1,False,0.0,234.0,48,3,297,48.5,4.824742268041237,50,252,18.0,1.5,12.0,False,6,4,good length ball leg stump ball flick pad keeper,Good ball
298,48.4,O'Rourke,Jadeja,1.0,"Fuller in length on off, he pushes to mid-off and sets off",1,False,1.0,235.0,48,4,298,48.66666666666666,4.828767123287672,50,252,17.0,1.3333333333333357,12.749999999999975,False,6,4,fuller length push midoff set,Good ball
299,48.5,O'Rourke,Rahul,1.0,"Banged in short, he nails the pull to deep square leg on the bounce",1,False,1.0,236.0,48,5,299,48.833333333333336,4.832764505119454,50,252,16.0,1.1666666666666643,13.714285714285742,False,6,4,banged short nail pull deep square leg bounce,Good ball
300,48.6,O'Rourke,Jadeja,4.0,"INDIA WIN THE CHAMPIONS TROPHY!A third title for them in the competition. And this surely has to be the most comprehensive. Unbeaten all through the tournament and have rarely been challenged at any stage. It is Ravindra Jadeja, who hits the winning runs. Pulls this past deep square leg and into the fence. Raises his arms in delight, so does Rahul as the rest of the team rushes out to the middle.A second straight ICC title for India.",1,False,4.0,240.0,48,6,300,49.0,4.8979591836734695,50,252,12.0,1.0,12.0,False,6,4,india win champion trophya third title competition surely comprehensive unbeaten tournament rarely challenged stage ravindra jadeja hit winning run pull past deep square leg fence raise arm delight rahul rest team rush middlea second straight icc title india,Full ball
